customer_id,age,city,channel_preference,annual_spend,avg_order_value,orders_last_12m,returns_ratio,bike_interest,service_interest,snapshot_date,tenure_months,days_since_last_order,returned_orders_last_12m
C00001,48,Alzira,store,4566.25,913.25,5,0,electric,low,2026-06-30,67,54,0
C00002,38,Carcaixent,store,3835.08,639.18,6,0,electric,low,2026-06-30,95,23,0
C00003,43,Gandia,store,1159.47,128.83,9,0,urban,medium,2026-06-30,9,1,0
C00004,59,Carcaixent,store,2702.07,300.23,9,0.1111,electric,low,2026-06-30,79,84,1
C00005,18,Gandia,ecommerce,304.05,101.35,3,0,electric,low,2026-06-30,89,73,0
C00006,41,Tavernes,ecommerce,943.14,157.19,6,0,service,medium,2026-06-30,44,296,0
C00007,38,Tavernes,store,1650.6,183.4,9,0,mountain,high,2026-06-30,95,93,0
C00008,18,Gandia,store,231.9,115.95,2,0.5,service,high,2026-06-30,106,113,1
C00009,27,Carcaixent,ecommerce,1219.52,152.44,8,0,service,medium,2026-06-30,117,40,0
C00010,25,Sueca,ecommerce,1092.63,156.09,7,0,urban,low,2026-06-30,45,39,0
C00011,46,Sueca,store,1062.51,354.17,3,0.3333,electric,low,2026-06-30,27,139,1
C00012,61,Alzira,ecommerce,2331.03,179.31,13,0.0769,mountain,medium,2026-06-30,33,55,1
C00013,25,Sueca,ecommerce,394,98.5,4,0,mountain,low,2026-06-30,8,26,0
C00014,34,Oliva,ecommerce,532.77,177.59,3,0.6667,mountain,high,2026-06-30,71,196,2
C00015,37,Tavernes,store,552,138,4,0,electric,medium,2026-06-30,20,47,0
C00016,18,Carcaixent,ecommerce,690.92,172.73,4,0.25,urban,low,2026-06-30,92,131,1
C00017,60,Gandia,ecommerce,2111.33,162.41,13,0,electric,medium,2026-06-30,74,4,0
C00018,40,Gandia,store,450.78,75.13,6,0,urban,low,2026-06-30,29,25,0
C00019,44,Oliva,store,2126.74,193.34,11,0.1818,urban,high,2026-06-30,19,,2
C00020,39,Tavernes,store,,684.52,3,0,electric,medium,2026-06-30,95,73,0
C00021,28,Oliva,ecommerce,859.81,122.83,7,0.2857,urban,low,2026-06-30,31,41,2
C00022,48,Tavernes,ecommerce,2435.7,487.14,5,0,electric,low,2026-06-30,29,25,0
C00023,51,Alzira,ecommerce,3558.4,711.68,5,0,electric,low,2026-06-30,4,112,0
C00024,43,Carcaixent,store,328.68,109.56,3,0,electric,high,2026-06-30,38,152,0
C00025,57,Alzira,ecommerce,109.28,109.28,1,0,service,high,2026-06-30,46,195,0
C00026,57,Oliva,ecommerce,84.17,84.17,1,0,mountain,high,2026-06-30,27,234,0
C00027,52,Gandia,ecommerce,1424.4,178.05,8,0.25,electric,high,2026-06-30,67,249,2
C00028,23,Sueca,store,567.91,81.13,7,0.1429,urban,low,2026-06-30,15,99,1
C00029,38,Alzira,store,2141.1,164.7,13,0.0769,mountain,low,2026-06-30,52,25,1
C00030,41,Tavernes,ecommerce,2052.48,342.08,6,0,mountain,low,2026-06-30,61,33,0
C00031,26,Carcaixent,store,480.36,80.06,6,0,urban,high,2026-06-30,31,85,0
C00032,36,Sueca,ecommerce,380.24,95.06,4,0,electric,low,2026-06-30,98,97,0
C00033,65,Tavernes,ecommerce,1976.9,395.38,5,0,electric,low,2026-06-30,31,70,0
C00034,35,Oliva,store,318.6,53.1,6,0.1667,mountain,medium,2026-06-30,97,27,1
C00035,54,Carcaixent,store,433.35,48.15,9,0.1111,mountain,medium,2026-06-30,24,15,1
C00036,58,Gandia,ecommerce,2265.48,188.79,12,0.0833,mountain,medium,2026-06-30,19,1,1
C00037,39,Oliva,store,169.02,84.51,2,0,urban,low,2026-06-30,86,163,0
C00038,42,Sueca,store,127.93,127.93,1,0,service,high,2026-06-30,24,70,0
C00039,50,Gandia,store,523.26,58.14,9,0.1111,urban,low,2026-06-30,64,14,1
C00040,39,Tavernes,store,402.6,67.1,6,0,mountain,medium,2026-06-30,20,34,0
C00041,24,Sueca,ecommerce,443.9,88.78,5,0,service,high,2026-06-30,90,196,0
C00042,42,Sueca,store,177.02,88.51,2,0.5,urban,high,2026-06-30,75,114,1
C00043,51,Gandia,store,1245.87,138.43,9,0,mountain,medium,2026-06-30,34,1,0
C00044,46,Sueca,store,668.1,111.35,6,0,urban,high,2026-06-30,97,59,0
C00045,36,Alzira,ecommerce,672.6,134.52,5,0.2,mountain,low,2026-06-30,45,36,1
C00046,54,Carcaixent,ecommerce,752.64,94.08,8,0.125,urban,low,2026-06-30,13,20,1
C00047,39,Oliva,store,364.53,121.51,3,0,mountain,medium,2026-06-30,108,81,0
C00048,32,Alzira,ecommerce,192.46,96.23,2,0,service,high,2026-06-30,42,78,0
C00049,47,Sueca,ecommerce,885.69,295.23,3,0,electric,medium,2026-06-30,49,4,0
C00050,60,Sueca,ecommerce,158.8,79.4,2,0,electric,low,2026-06-30,5,104,0
C00051,45,Carcaixent,ecommerce,5103.92,1275.98,4,0,mountain,low,2026-06-30,92,6,0
C00052,31,Gandia,ecommerce,1385.86,197.98,7,0,service,high,2026-06-30,79,39,0
C00053,43,Tavernes,ecommerce,1707.23,243.89,7,0,electric,low,2026-06-30,74,7,0
C00054,50,Oliva,ecommerce,1519.9,151.99,10,0,urban,medium,2026-06-30,109,4,0
C00055,56,Carcaixent,store,952.96,119.12,8,0.125,electric,high,2026-06-30,64,36,1
C00056,38,Gandia,ecommerce,1972.08,493.02,4,0,electric,low,2026-06-30,19,28,0
C00057,24,Sueca,ecommerce,66.01,66.01,1,0,urban,medium,2026-06-30,5,71,0
C00058,52,Tavernes,ecommerce,285.78,95.26,3,0,mountain,high,2026-06-30,9,20,0
C00059,35,Carcaixent,ecommerce,701.4,140.28,5,0,electric,high,2026-06-30,27,45,0
C00060,21,Sueca,ecommerce,490.7,98.14,5,0,urban,high,2026-06-30,108,176,0
C00061,39,Carcaixent,store,162.48,54.16,3,0,service,high,2026-06-30,78,77,0
C00062,50,Alzira,ecommerce,71.68,35.84,2,0,service,high,2026-06-30,77,140,0
C00063,45,Carcaixent,store,353.34,117.78,3,0,urban,medium,2026-06-30,77,,0
C00064,44,Carcaixent,ecommerce,259.05,86.35,3,0,electric,high,2026-06-30,56,5,0
C00065,40,Gandia,ecommerce,167.48,83.74,2,0,service,low,2026-06-30,80,174,0
C00066,35,Carcaixent,ecommerce,1829.88,457.47,4,0,electric,low,2026-06-30,5,81,0
C00067,57,Gandia,store,2818,563.6,5,0.2,mountain,low,2026-06-30,46,136,1
C00068,30,Carcaixent,store,3816.42,1272.14,3,0,electric,high,2026-06-30,95,47,0
C00069,34,Alzira,store,915,183,5,0,urban,low,2026-06-30,15,30,0
C00070,68,Sueca,ecommerce,54.16,54.16,1,0,urban,low,2026-06-30,17,364,0
C00071,52,Oliva,store,2844.64,1422.32,2,0,electric,low,2026-06-30,83,259,0
C00072,49,Sueca,ecommerce,557.76,79.68,7,0,urban,low,2026-06-30,38,43,0
C00073,51,Sueca,store,126.97,126.97,1,0,service,low,2026-06-30,70,114,0
C00074,52,Carcaixent,ecommerce,506.2,101.24,5,0,urban,medium,2026-06-30,81,151,0
C00075,62,Alzira,store,304.76,76.19,4,0,service,medium,2026-06-30,63,23,0
C00076,46,Oliva,store,1049.95,1049.95,1,0,mountain,high,2026-06-30,91,306,0
C00077,43,Gandia,store,468.24,117.06,4,0,urban,low,2026-06-30,46,2,0
C00078,46,Sueca,store,426.64,106.66,4,0.25,urban,medium,2026-06-30,63,1,1
C00079,39,Carcaixent,store,2643,440.5,6,0,urban,medium,2026-06-30,15,91,0
C00080,53,Carcaixent,ecommerce,160.86,80.43,2,0.5,mountain,low,2026-06-30,85,54,1
C00081,45,Sueca,ecommerce,240.87,80.29,3,0.3333,urban,low,2026-06-30,62,98,1
C00082,39,Oliva,store,2385.95,477.19,5,0,electric,medium,2026-06-30,102,63,0
C00083,41,Gandia,ecommerce,1143.42,381.14,3,0,electric,medium,2026-06-30,20,84,0
C00084,40,Oliva,store,3930.42,655.07,6,0.1667,electric,medium,2026-06-30,48,98,1
C00085,37,Oliva,store,2722.4,680.6,4,0.25,electric,low,2026-06-30,84,69,1
C00086,50,Alzira,ecommerce,278.7,92.9,3,0.3333,urban,low,2026-06-30,89,61,1
C00087,18,Oliva,ecommerce,216.64,54.16,4,0.25,urban,low,2026-06-30,43,3,1
C00088,28,Carcaixent,ecommerce,1964,196.4,10,0,electric,low,2026-06-30,93,36,0
C00089,50,Tavernes,ecommerce,2851.8,285.18,10,0.2,service,low,2026-06-30,83,17,2
C00090,33,Carcaixent,ecommerce,258.66,86.22,3,0,mountain,medium,2026-06-30,6,42,0
C00091,49,Carcaixent,store,1376.04,229.34,6,0.1667,urban,high,2026-06-30,10,0,1
C00092,65,Gandia,ecommerce,629.49,209.83,3,0,mountain,medium,2026-06-30,34,80,0
C00093,39,Gandia,ecommerce,2418,302.25,8,0,mountain,high,2026-06-30,64,24,0
C00094,58,Gandia,ecommerce,497.6,99.52,5,0,urban,high,2026-06-30,42,230,0
C00095,40,Sueca,ecommerce,2474.91,274.99,9,0,mountain,medium,2026-06-30,88,37,0
C00096,38,Tavernes,ecommerce,607.62,101.27,6,0.1667,service,high,2026-06-30,82,18,1
C00097,58,Gandia,ecommerce,7309.75,1044.25,7,0,urban,medium,2026-06-30,116,1,0
C00098,36,Alzira,store,423.1,84.62,5,0.2,electric,high,2026-06-30,10,33,1
C00099,23,Tavernes,store,1428.06,238.01,6,0,urban,medium,2026-06-30,4,112,0
C00100,30,Oliva,store,252.36,42.06,6,0,mountain,low,2026-06-30,2,56,0
C00101,36,Carcaixent,store,428.44,107.11,4,0.25,urban,low,2026-06-30,113,15,1
C00102,59,Alzira,store,2301.72,383.62,6,0,service,low,2026-06-30,60,22,0
C00103,41,Alzira,store,1049.24,262.31,4,0,electric,medium,2026-06-30,26,72,0
C00104,40,Oliva,ecommerce,219,109.5,2,0,service,high,2026-06-30,35,175,0
C00105,54,Oliva,ecommerce,327.4,81.85,4,0,mountain,medium,2026-06-30,105,173,0
C00106,29,Oliva,store,598,149.5,4,0,mountain,low,2026-06-30,119,203,0
C00107,26,Carcaixent,ecommerce,2735.32,390.76,7,0,electric,low,2026-06-30,99,4,0
C00108,48,Carcaixent,store,1701,425.25,4,0,electric,high,2026-06-30,78,53,0
C00109,44,Gandia,store,2016.6,336.1,6,0.1667,electric,high,2026-06-30,12,40,1
C00110,63,Sueca,store,282.12,94.04,3,0,mountain,medium,2026-06-30,107,6,0
C00111,59,Carcaixent,store,1615.12,201.89,8,0,mountain,low,2026-06-30,63,49,0
C00112,40,Sueca,ecommerce,869.54,124.22,7,0.1429,mountain,medium,2026-06-30,67,43,1
C00113,31,Oliva,ecommerce,3650.85,730.17,5,0,mountain,low,2026-06-30,51,29,0
C00114,26,Carcaixent,ecommerce,756.84,126.14,6,0,service,high,2026-06-30,46,61,0
C00115,42,Sueca,ecommerce,934.78,133.54,7,0,mountain,medium,2026-06-30,31,58,0
C00116,34,Oliva,store,96.9,96.9,1,0,mountain,medium,2026-06-30,42,98,0
C00117,48,Carcaixent,ecommerce,520.4,104.08,5,0,mountain,high,2026-06-30,32,24,0
C00118,37,Alzira,store,1141.2,142.65,8,0,mountain,low,2026-06-30,48,60,0
C00119,45,Oliva,ecommerce,622.5,207.5,3,0,urban,high,2026-06-30,52,1,0
C00120,35,Carcaixent,ecommerce,1869.67,169.97,11,0,mountain,low,2026-06-30,9,20,0
C00121,36,Alzira,store,767.2,109.6,7,0.1429,electric,low,2026-06-30,87,145,1
C00122,61,Gandia,store,6707.94,1117.99,6,0,electric,low,2026-06-30,85,114,0
C00123,45,Gandia,store,2905.3,290.53,10,0.1,mountain,medium,2026-06-30,116,4,1
C00124,69,Tavernes,ecommerce,84.8,42.4,2,0,service,high,2026-06-30,74,9,0
C00125,50,Gandia,ecommerce,3201.68,800.42,4,0,service,low,2026-06-30,29,3,0
C00126,21,Oliva,store,506.8,101.36,5,0.2,service,low,2026-06-30,39,36,1
C00127,46,Gandia,store,159.64,159.64,1,0,electric,high,2026-06-30,107,364,0
C00128,28,Gandia,store,478.3,95.66,5,0,urban,low,2026-06-30,93,18,0
C00129,58,Tavernes,ecommerce,3108.45,1036.15,3,0.3333,electric,low,2026-06-30,64,12,1
C00130,40,Sueca,ecommerce,446.67,63.81,7,0.1429,urban,medium,2026-06-30,89,23,1
C00131,47,Sueca,ecommerce,2674.65,243.15,11,0,electric,medium,2026-06-30,43,46,0
C00132,,Sueca,store,153.7,76.85,2,0,mountain,medium,2026-06-30,72,218,0
C00133,56,Gandia,ecommerce,1345.92,168.24,8,0,electric,high,2026-06-30,95,57,0
C00134,27,Sueca,ecommerce,126.72,126.72,1,0,urban,high,2026-06-30,77,172,0
C00135,60,Oliva,ecommerce,882,147,6,0.5,mountain,medium,2026-06-30,61,26,3
C00136,18,Alzira,store,91.81,91.81,1,0,mountain,low,2026-06-30,102,84,0
C00137,42,Tavernes,ecommerce,4462.92,637.56,7,0,electric,low,2026-06-30,92,54,0
C00138,55,Alzira,ecommerce,95.83,95.83,1,0,urban,low,2026-06-30,44,164,0
C00139,53,Oliva,ecommerce,5897.95,1179.59,5,0,mountain,high,2026-06-30,99,117,0
C00140,49,Oliva,store,3022.95,604.59,5,0,mountain,medium,2026-06-30,49,0,0
C00141,38,Gandia,store,1270.5,127.05,10,0,mountain,low,2026-06-30,42,10,0
C00142,25,Carcaixent,store,225.17,225.17,1,0,service,low,2026-06-30,75,1,0
C00143,42,Gandia,ecommerce,661.68,165.42,4,0.25,mountain,low,2026-06-30,92,47,1
C00144,35,Sueca,store,268.05,89.35,3,0,service,medium,2026-06-30,26,31,0
C00145,49,Carcaixent,store,2590.7,518.14,5,0,urban,medium,2026-06-30,22,344,0
C00146,33,Sueca,ecommerce,402.44,201.22,2,0,urban,medium,2026-06-30,19,31,0
C00147,34,Alzira,ecommerce,359.67,119.89,3,0,service,high,2026-06-30,108,22,0
C00148,59,Carcaixent,store,784.32,130.72,6,0,electric,high,2026-06-30,101,111,0
C00149,42,Oliva,ecommerce,3156.66,350.74,9,0.1111,mountain,high,2026-06-30,85,2,1
C00150,57,Tavernes,store,4124.52,687.42,6,0,electric,low,2026-06-30,115,39,0
C00151,56,Alzira,ecommerce,771.12,110.16,7,0.1429,urban,high,2026-06-30,47,90,1
C00152,49,Alzira,ecommerce,1473.64,210.52,7,0.1429,service,low,2026-06-30,22,49,1
C00153,39,Gandia,ecommerce,3311.36,413.92,8,0.25,mountain,medium,2026-06-30,70,15,2
C00154,33,Oliva,store,987.12,164.52,6,0.1667,mountain,low,2026-06-30,4,7,1
C00155,27,Tavernes,ecommerce,412.44,68.74,6,0,electric,medium,2026-06-30,74,9,0
C00156,39,Gandia,store,380.24,95.06,4,0,urban,low,2026-06-30,13,14,0
C00157,27,Sueca,ecommerce,1485.09,165.01,9,0,mountain,medium,2026-06-30,80,1,0
C00158,61,Carcaixent,store,211.89,70.63,3,0,service,low,2026-06-30,114,38,0
C00159,42,Oliva,ecommerce,293,58.6,5,0.4,urban,medium,2026-06-30,103,197,2
C00160,33,Alzira,ecommerce,2085.1,208.51,10,0.1,urban,low,2026-06-30,107,53,1
C00161,25,Gandia,store,527.52,75.36,7,0.1429,urban,medium,2026-06-30,76,12,1
C00162,21,Carcaixent,store,1814.8,181.48,10,0.1,electric,low,2026-06-30,63,25,1
C00163,57,Carcaixent,store,790.47,87.83,9,0,service,medium,2026-06-30,120,9,0
C00164,50,Alzira,ecommerce,1677.06,559.02,3,0,electric,low,2026-06-30,19,177,0
C00165,46,Gandia,ecommerce,2606.75,521.35,5,0,electric,medium,2026-06-30,18,104,0
C00166,43,Alzira,store,155.84,77.92,2,0,urban,low,2026-06-30,41,18,0
C00167,56,Sueca,store,4687.54,426.14,11,0,service,high,2026-06-30,41,7,0
C00168,37,Carcaixent,store,169.17,56.39,3,0,mountain,medium,2026-06-30,111,93,0
C00169,53,Alzira,store,664.4,664.4,1,0,electric,low,2026-06-30,104,117,0
C00170,42,Carcaixent,store,237.84,79.28,3,0.3333,urban,medium,2026-06-30,5,25,1
C00171,43,Carcaixent,ecommerce,1395.39,465.13,3,0,electric,low,2026-06-30,63,32,0
C00172,20,Tavernes,ecommerce,276.52,69.13,4,0,urban,medium,2026-06-30,68,253,0
C00173,49,Gandia,ecommerce,63.76,63.76,1,0,service,medium,2026-06-30,21,89,0
C00174,,Sueca,store,67.55,67.55,1,0,service,high,2026-06-30,49,87,0
C00175,44,Alzira,ecommerce,777.91,111.13,7,0.1429,electric,medium,2026-06-30,44,135,1
C00176,34,Alzira,store,1275.84,106.32,12,0,mountain,medium,2026-06-30,13,46,0
C00177,52,Oliva,store,4320.68,617.24,7,0,electric,high,2026-06-30,15,26,0
C00178,48,Gandia,store,97.42,48.71,2,0,electric,high,2026-06-30,4,25,0
C00179,50,Sueca,ecommerce,427.16,106.79,4,0.25,mountain,high,2026-06-30,19,41,1
C00180,,Oliva,store,311.95,62.39,5,0,urban,medium,2026-06-30,65,41,0
C00181,43,Carcaixent,store,590.84,147.71,4,0,electric,medium,2026-06-30,63,5,0
C00182,56,Gandia,ecommerce,2858.43,952.81,3,0.3333,electric,medium,2026-06-30,99,47,1
C00183,48,Carcaixent,ecommerce,581.28,72.66,8,0,urban,low,2026-06-30,23,15,0
C00184,,Alzira,ecommerce,303.84,75.96,4,0.25,service,medium,2026-06-30,76,51,1
C00185,55,Carcaixent,store,,244.77,4,0.25,electric,low,2026-06-30,8,44,1
C00186,40,Sueca,store,1490.94,135.54,11,0.0909,mountain,low,2026-06-30,103,35,1
C00187,39,Sueca,ecommerce,880.65,176.13,5,0,electric,low,2026-06-30,66,195,0
C00188,33,Oliva,ecommerce,1683.3,561.1,3,0,mountain,medium,2026-06-30,59,39,0
C00189,32,Oliva,store,2079.66,693.22,3,0,electric,low,2026-06-30,120,48,0
C00190,27,Tavernes,ecommerce,217.23,217.23,1,0,urban,medium,2026-06-30,54,45,0
C00191,44,Tavernes,ecommerce,367.55,73.51,5,0,urban,high,2026-06-30,47,71,0
C00192,29,Sueca,store,383.48,95.87,4,0,urban,medium,2026-06-30,101,24,0
C00193,66,Alzira,ecommerce,144.58,144.58,1,0,urban,medium,2026-06-30,95,20,0
C00194,27,Gandia,store,591.14,591.14,1,0,electric,low,2026-06-30,51,108,0
C00195,29,Carcaixent,ecommerce,356.66,178.33,2,0,urban,high,2026-06-30,115,75,0
C00196,57,Oliva,ecommerce,2734.85,546.97,5,0,urban,low,2026-06-30,18,44,0
C00197,37,Oliva,ecommerce,285.4,71.35,4,0,electric,medium,2026-06-30,78,177,0
C00198,47,Tavernes,ecommerce,1959.24,489.81,4,0,mountain,high,2026-06-30,100,9,0
C00199,64,Tavernes,store,257.6,64.4,4,0,service,high,2026-06-30,62,24,0
C00200,37,Tavernes,store,682.56,75.84,9,0.1111,service,low,2026-06-30,41,18,1
C00201,42,Alzira,ecommerce,447.4,89.48,5,0,service,medium,2026-06-30,72,26,0
C00202,35,Carcaixent,ecommerce,254.85,50.97,5,0,service,medium,2026-06-30,52,58,0
C00203,52,Sueca,ecommerce,,695.77,3,0,electric,high,2026-06-30,97,72,0
C00204,53,Sueca,store,297,74.25,4,0,urban,low,2026-06-30,120,6,0
C00205,52,Gandia,store,344.2,86.05,4,0.25,mountain,high,2026-06-30,53,52,1
C00206,63,Tavernes,store,137.06,68.53,2,0,mountain,medium,2026-06-30,24,343,0
C00207,47,Tavernes,store,410.12,102.53,4,0.25,urban,low,2026-06-30,55,46,1
C00208,32,Carcaixent,store,1639.82,234.26,7,0,mountain,high,2026-06-30,115,52,0
C00209,44,Gandia,ecommerce,66.16,66.16,1,0,electric,high,2026-06-30,76,,0
C00210,42,Carcaixent,ecommerce,620.3,62.03,10,0.1,mountain,medium,2026-06-30,33,50,1
C00211,43,Tavernes,ecommerce,656.25,131.25,5,0,mountain,high,2026-06-30,19,23,0
C00212,51,Carcaixent,store,1404.63,156.07,9,0,urban,low,2026-06-30,98,31,0
C00213,48,Oliva,ecommerce,89.77,89.77,1,0,service,medium,2026-06-30,53,134,0
C00214,54,Carcaixent,ecommerce,125.43,125.43,1,0,service,medium,2026-06-30,116,202,0
C00215,49,Alzira,ecommerce,56.73,56.73,1,0,service,high,2026-06-30,71,45,0
C00216,53,Tavernes,ecommerce,535.29,178.43,3,0.3333,mountain,medium,2026-06-30,52,210,1
C00217,34,Sueca,ecommerce,1941.15,388.23,5,0,mountain,medium,2026-06-30,106,10,0
C00218,58,Oliva,store,1359.64,679.82,2,0,electric,low,2026-06-30,85,281,0
C00219,51,Alzira,store,280.32,140.16,2,0,service,high,2026-06-30,36,145,0
C00220,48,Gandia,ecommerce,511.14,73.02,7,0.1429,urban,low,2026-06-30,51,3,1
C00221,50,Carcaixent,store,364.55,364.55,1,0,electric,low,2026-06-30,24,364,0
C00222,34,Sueca,ecommerce,289.8,144.9,2,0,urban,high,2026-06-30,63,232,0
C00223,31,Alzira,store,597.87,85.41,7,0.1429,urban,medium,2026-06-30,61,2,1
C00224,32,Gandia,store,1775.91,591.97,3,0,electric,medium,2026-06-30,117,182,0
C00225,39,Gandia,store,235.78,117.89,2,0,service,high,2026-06-30,118,217,0
C00226,27,Gandia,ecommerce,342.04,85.51,4,0,urban,low,2026-06-30,71,21,0
C00227,32,Sueca,store,2898.49,414.07,7,0.1429,electric,medium,2026-06-30,27,1,1
C00228,62,Carcaixent,store,1373.58,152.62,9,0,mountain,medium,2026-06-30,77,1,0
C00229,37,Alzira,store,271.32,67.83,4,0,urban,medium,2026-06-30,43,47,0
C00230,30,Carcaixent,ecommerce,1015.4,253.85,4,0.5,urban,medium,2026-06-30,62,4,2
C00231,44,Carcaixent,store,3132.33,1044.11,3,0,urban,low,2026-06-30,75,47,0
C00232,18,Sueca,store,463.32,154.44,3,0,urban,high,2026-06-30,63,20,0
C00233,39,Alzira,ecommerce,2518.5,419.75,6,0.1667,mountain,high,2026-06-30,105,19,1
C00234,29,Oliva,store,546.05,109.21,5,0,mountain,low,2026-06-30,88,33,0
C00235,49,Alzira,ecommerce,649.6,92.8,7,0,urban,medium,2026-06-30,41,35,0
C00236,54,Tavernes,store,3050.3,610.06,5,0,electric,medium,2026-06-30,45,83,0
C00237,37,Gandia,ecommerce,1215.69,173.67,7,0,mountain,low,2026-06-30,7,56,0
C00238,48,Oliva,ecommerce,987.9,164.65,6,0,urban,medium,2026-06-30,80,14,0
C00239,34,Alzira,ecommerce,3124.2,260.35,12,0,electric,low,2026-06-30,50,11,0
C00240,51,Carcaixent,ecommerce,1147.08,95.59,12,0,electric,low,2026-06-30,37,57,0
C00241,56,Sueca,store,253.02,84.34,3,0,urban,medium,2026-06-30,84,75,0
C00242,54,Gandia,ecommerce,655.45,131.09,5,0,urban,high,2026-06-30,50,2,0
C00243,59,Tavernes,store,188.98,94.49,2,0,service,medium,2026-06-30,50,67,0
C00244,61,Alzira,store,1711.53,190.17,9,0,mountain,low,2026-06-30,60,45,0
C00245,61,Oliva,ecommerce,1800.48,225.06,8,0.125,mountain,medium,2026-06-30,91,114,1
C00246,34,Tavernes,store,3488.72,872.18,4,0,urban,low,2026-06-30,92,66,0
C00247,48,Sueca,ecommerce,,77.93,4,0.25,service,low,2026-06-30,109,50,1
C00248,43,Carcaixent,ecommerce,1519,379.75,4,0,mountain,low,2026-06-30,115,27,0
C00249,63,Gandia,store,104.01,104.01,1,0,urban,low,2026-06-30,114,108,0
C00250,42,Oliva,ecommerce,9038.25,1004.25,9,0,electric,high,2026-06-30,40,52,0
C00251,46,Gandia,ecommerce,424.5,84.9,5,0,urban,low,2026-06-30,40,64,0
C00252,48,Tavernes,ecommerce,1730.4,144.2,12,0.0833,service,medium,2026-06-30,106,16,1
C00253,23,Alzira,ecommerce,1036.9,207.38,5,0,mountain,high,2026-06-30,46,19,0
C00254,26,Alzira,store,640.32,160.08,4,0,service,low,2026-06-30,64,16,0
C00255,39,Alzira,ecommerce,336.18,112.06,3,0,mountain,medium,2026-06-30,78,20,0
C00256,43,Oliva,ecommerce,935.76,155.96,6,0,electric,low,2026-06-30,74,100,0
C00257,41,Alzira,ecommerce,2213.58,368.93,6,0.1667,mountain,low,2026-06-30,81,9,1
C00258,44,Gandia,store,281.73,93.91,3,0,mountain,low,2026-06-30,31,175,0
C00259,58,Carcaixent,store,143.32,143.32,1,0,urban,low,2026-06-30,7,191,0
C00260,35,Sueca,store,110.27,110.27,1,0,urban,medium,2026-06-30,39,123,0
C00261,51,Sueca,store,1717.83,190.87,9,0,urban,medium,2026-06-30,8,8,0
C00262,41,Sueca,store,163.56,81.78,2,1,urban,high,2026-06-30,107,46,2
C00263,41,Tavernes,store,166.48,83.24,2,0.5,service,low,2026-06-30,116,59,1
C00264,23,Oliva,store,746.69,106.67,7,0.1429,urban,low,2026-06-30,27,93,1
C00265,39,Carcaixent,store,1962.64,245.33,8,0,mountain,low,2026-06-30,48,35,0
C00266,60,Gandia,ecommerce,400.02,133.34,3,0,mountain,high,2026-06-30,44,17,0
C00267,50,Oliva,ecommerce,844.44,140.74,6,0,mountain,low,2026-06-30,37,90,0
C00268,34,Sueca,ecommerce,295.16,147.58,2,0,service,medium,2026-06-30,99,96,0
C00269,40,Alzira,ecommerce,758.12,189.53,4,0,electric,low,2026-06-30,35,0,0
C00270,59,Tavernes,ecommerce,3537.2,353.72,10,0.1,urban,high,2026-06-30,28,10,1
C00271,24,Alzira,store,1251.72,208.62,6,0,mountain,low,2026-06-30,110,76,0
C00272,53,Gandia,ecommerce,897.58,897.58,1,0,electric,medium,2026-06-30,31,128,0
C00273,61,Carcaixent,ecommerce,2129.96,304.28,7,0,urban,high,2026-06-30,97,38,0
C00274,70,Gandia,ecommerce,3852,963,4,0,mountain,high,2026-06-30,32,28,0
C00275,58,Gandia,store,1350.08,337.52,4,0,electric,low,2026-06-30,71,5,0
C00276,38,Oliva,ecommerce,2452.86,408.81,6,0,service,low,2026-06-30,108,56,0
C00277,48,Carcaixent,ecommerce,2807.56,401.08,7,0,service,low,2026-06-30,107,81,0
C00278,57,Alzira,store,1922.64,160.22,12,0,electric,low,2026-06-30,78,13,0
C00279,33,Tavernes,ecommerce,100.38,33.46,3,0.3333,urban,low,2026-06-30,68,298,1
C00280,43,Gandia,ecommerce,677.64,169.41,4,0,electric,low,2026-06-30,31,103,0
C00281,64,Gandia,ecommerce,3655.33,522.19,7,0,electric,low,2026-06-30,103,30,0
C00282,54,Oliva,ecommerce,,128.31,5,0.2,mountain,medium,2026-06-30,28,108,1
C00283,36,Sueca,ecommerce,382,76.4,5,0.2,mountain,medium,2026-06-30,52,91,1
C00284,25,Oliva,ecommerce,1262.35,252.47,5,0,mountain,low,2026-06-30,10,183,0
C00285,63,Sueca,ecommerce,2712.96,452.16,6,0,mountain,high,2026-06-30,2,56,0
C00286,67,Tavernes,store,65.5,65.5,1,0,service,high,2026-06-30,26,34,0
C00287,53,Sueca,store,7314.12,664.92,11,0,mountain,low,2026-06-30,86,,0
C00288,18,Oliva,store,2265.34,205.94,11,0,mountain,low,2026-06-30,18,30,0
C00289,37,Gandia,store,870,145,6,0,mountain,low,2026-06-30,91,9,0
C00290,46,Sueca,store,1170.9,195.15,6,0,mountain,medium,2026-06-30,87,41,0
C00291,33,Tavernes,store,13968.6,1396.86,10,0.1,service,medium,2026-06-30,44,21,1
C00292,50,Gandia,ecommerce,447.05,89.41,5,0,service,low,2026-06-30,23,17,0
C00293,36,Sueca,ecommerce,1694.84,121.06,14,0.0714,urban,low,2026-06-30,96,59,1
C00294,34,Alzira,ecommerce,615.6,123.12,5,0,urban,medium,2026-06-30,63,3,0
C00295,28,Sueca,store,465.96,116.49,4,0.25,electric,medium,2026-06-30,63,191,1
C00296,54,Sueca,store,187.52,93.76,2,0,urban,medium,2026-06-30,91,8,0
C00297,24,Gandia,store,328,41,8,0.25,urban,low,2026-06-30,38,10,2
C00298,39,Alzira,store,1374.48,458.16,3,0,electric,high,2026-06-30,16,41,0
C00299,43,Alzira,store,399.93,133.31,3,0,urban,medium,2026-06-30,113,54,0
C00300,22,Tavernes,store,1282.71,98.67,13,0.0769,urban,low,2026-06-30,45,1,1
C00301,36,Gandia,store,800.9,160.18,5,0,urban,low,2026-06-30,108,44,0
C00302,37,Gandia,store,100.72,100.72,1,0,mountain,medium,2026-06-30,83,144,0
C00303,42,Carcaixent,store,1270.53,141.17,9,0.1111,electric,medium,2026-06-30,90,117,1
C00304,51,Alzira,store,1236.96,154.62,8,0,service,medium,2026-06-30,40,0,0
C00305,53,Oliva,ecommerce,2332.33,333.19,7,0,mountain,medium,2026-06-30,65,13,0
C00306,20,Oliva,store,107.56,53.78,2,0,urban,low,2026-06-30,92,187,0
C00307,43,Alzira,store,738.48,123.08,6,0,urban,low,2026-06-30,93,25,0
C00308,30,Oliva,store,308.3,154.15,2,0.5,urban,medium,2026-06-30,18,2,1
C00309,50,Sueca,store,446.1,89.22,5,0.2,urban,medium,2026-06-30,99,39,1
C00310,51,Carcaixent,ecommerce,50.13,50.13,1,0,urban,medium,2026-06-30,57,6,0
C00311,49,Gandia,ecommerce,750.26,107.18,7,0,mountain,medium,2026-06-30,78,11,0
C00312,54,Gandia,store,557,111.4,5,0.2,mountain,medium,2026-06-30,17,146,1
C00313,40,Gandia,ecommerce,2669.44,667.36,4,0,electric,high,2026-06-30,93,18,0
C00314,45,Sueca,ecommerce,186.6,62.2,3,0,mountain,medium,2026-06-30,55,101,0
C00315,55,Oliva,store,304.62,101.54,3,0,urban,medium,2026-06-30,117,52,0
C00316,54,Oliva,ecommerce,2616.7,523.34,5,0,electric,high,2026-06-30,8,96,0
C00317,59,Carcaixent,store,1448.8,144.88,10,0.1,service,high,2026-06-30,117,19,1
C00318,57,Tavernes,store,7984.71,887.19,9,0,service,low,2026-06-30,76,1,0
C00319,33,Tavernes,ecommerce,271.35,90.45,3,0,urban,low,2026-06-30,59,6,0
C00320,41,Sueca,ecommerce,2718.44,679.61,4,0,electric,medium,2026-06-30,50,5,0
C00321,53,Sueca,store,4568.97,652.71,7,0,service,medium,2026-06-30,48,10,0
C00322,47,Oliva,store,412.44,137.48,3,0,mountain,medium,2026-06-30,35,303,0
C00323,34,Sueca,ecommerce,301.44,100.48,3,0.3333,urban,low,2026-06-30,45,27,1
C00324,48,Oliva,ecommerce,307.64,76.91,4,0,service,low,2026-06-30,48,59,0
C00325,29,Gandia,ecommerce,265.28,132.64,2,0.5,mountain,low,2026-06-30,41,5,1
C00326,46,Carcaixent,ecommerce,82.66,41.33,2,0,electric,high,2026-06-30,2,56,0
C00327,64,Alzira,ecommerce,585.06,83.58,7,0.2857,urban,high,2026-06-30,37,57,2
C00328,67,Alzira,ecommerce,333.4,66.68,5,0,service,medium,2026-06-30,78,63,0
C00329,48,Alzira,store,294.68,73.67,4,0,mountain,medium,2026-06-30,50,30,0
C00330,53,Oliva,ecommerce,841.12,120.16,7,0,mountain,medium,2026-06-30,40,17,0
C00331,36,Sueca,store,2866.5,286.65,10,0,urban,high,2026-06-30,25,85,0
C00332,66,Sueca,store,3751.9,750.38,5,0.2,mountain,high,2026-06-30,34,43,1
C00333,46,Oliva,ecommerce,2270.4,283.8,8,0,mountain,low,2026-06-30,107,26,0
C00334,18,Alzira,store,248.49,82.83,3,0.3333,urban,high,2026-06-30,98,130,1
C00335,34,Oliva,ecommerce,2402.96,343.28,7,0,mountain,medium,2026-06-30,31,40,0
C00336,42,Gandia,ecommerce,2433.9,243.39,10,0.1,electric,medium,2026-06-30,101,57,1
C00337,29,Gandia,ecommerce,378.52,94.63,4,0.25,urban,medium,2026-06-30,88,54,1
C00338,25,Oliva,store,287.58,95.86,3,0.3333,service,low,2026-06-30,9,195,1
C00339,62,Tavernes,store,6643.28,474.52,14,0.1429,service,high,2026-06-30,46,39,2
C00340,48,Gandia,store,274.32,68.58,4,0,mountain,low,2026-06-30,99,296,0
C00341,39,Gandia,store,1903.95,211.55,9,0.2222,electric,low,2026-06-30,57,1,2
C00342,53,Carcaixent,ecommerce,491.82,81.97,6,0,urban,medium,2026-06-30,81,56,0
C00343,49,Tavernes,ecommerce,336.38,168.19,2,0,mountain,low,2026-06-30,48,156,0
C00344,64,Sueca,store,3977.55,441.95,9,0,urban,high,2026-06-30,38,7,0
C00345,57,Sueca,ecommerce,242.64,60.66,4,0,service,medium,2026-06-30,89,54,0
C00346,22,Oliva,store,321.35,64.27,5,0.2,mountain,medium,2026-06-30,113,140,1
C00347,47,Sueca,store,215.67,71.89,3,0,electric,low,2026-06-30,16,31,0
C00348,23,Oliva,ecommerce,669.48,111.58,6,0,urban,high,2026-06-30,70,81,0
C00349,28,Gandia,store,603.6,120.72,5,0.2,mountain,low,2026-06-30,20,79,1
C00350,59,Carcaixent,store,224.44,112.22,2,0,service,medium,2026-06-30,8,16,0
C00351,59,Carcaixent,ecommerce,1568.32,784.16,2,0,mountain,medium,2026-06-30,23,65,0
C00352,47,Tavernes,ecommerce,107.76,35.92,3,0.3333,service,medium,2026-06-30,71,12,1
C00353,56,Gandia,ecommerce,55.6,27.8,2,0,urban,low,2026-06-30,81,204,0
C00354,59,Alzira,store,263.91,87.97,3,0,mountain,high,2026-06-30,10,168,0
C00355,57,Tavernes,store,2980.56,372.57,8,0,urban,high,2026-06-30,113,38,0
C00356,28,Alzira,store,717.48,79.72,9,0.2222,mountain,low,2026-06-30,93,23,2
C00357,45,Carcaixent,ecommerce,736.56,122.76,6,0,mountain,high,2026-06-30,93,3,0
C00358,34,Oliva,ecommerce,401.72,100.43,4,0,urban,high,2026-06-30,60,311,0
C00359,31,Sueca,ecommerce,908.8,908.8,1,0,mountain,medium,2026-06-30,81,157,0
C00360,68,Oliva,ecommerce,42.28,42.28,1,0,mountain,high,2026-06-30,3,60,0
C00361,51,Oliva,ecommerce,2943.6,1471.8,2,0,service,medium,2026-06-30,101,96,0
C00362,66,Oliva,store,109.15,109.15,1,0,mountain,high,2026-06-30,11,15,0
C00363,39,Gandia,store,1959.6,244.95,8,0.125,electric,low,2026-06-30,84,13,1
C00364,45,Tavernes,store,491.15,98.23,5,0.2,service,high,2026-06-30,94,4,1
C00365,33,Tavernes,ecommerce,1677.9,239.7,7,0,mountain,low,2026-06-30,112,5,0
C00366,38,Carcaixent,store,360.05,72.01,5,0.2,mountain,low,2026-06-30,46,41,1
C00367,35,Gandia,ecommerce,3124.09,183.77,17,0.1176,electric,high,2026-06-30,5,10,2
C00368,32,Sueca,ecommerce,137.31,137.31,1,0,mountain,low,2026-06-30,10,153,0
C00369,55,Oliva,store,3799.5,759.9,5,0,service,medium,2026-06-30,48,80,0
C00370,18,Alzira,store,229.72,114.86,2,0,mountain,low,2026-06-30,22,77,0
C00371,18,Sueca,ecommerce,160.32,53.44,3,0,mountain,medium,2026-06-30,35,119,0
C00372,27,Alzira,ecommerce,652.28,163.07,4,0,mountain,high,2026-06-30,55,43,0
C00373,26,Gandia,store,3366.12,1122.04,3,0,mountain,medium,2026-06-30,79,72,0
C00374,54,Oliva,ecommerce,2741.28,685.32,4,0,electric,low,2026-06-30,14,20,0
C00375,31,Gandia,ecommerce,77.75,77.75,1,0,urban,low,2026-06-30,93,56,0
C00376,46,Gandia,ecommerce,1659.7,165.97,10,0.1,mountain,low,2026-06-30,103,1,1
C00377,59,Sueca,ecommerce,3171.96,792.99,4,0.25,mountain,high,2026-06-30,25,,1
C00378,54,Carcaixent,ecommerce,1490.04,165.56,9,0.2222,urban,medium,2026-06-30,88,19,2
C00379,23,Gandia,ecommerce,2466.64,224.24,11,0.0909,mountain,medium,2026-06-30,113,10,1
C00380,58,Carcaixent,ecommerce,2473.59,353.37,7,0,electric,low,2026-06-30,117,46,0
C00381,44,Alzira,store,2224.68,370.78,6,0,mountain,low,2026-06-30,120,41,0
C00382,42,Oliva,ecommerce,,1416.01,5,0,mountain,medium,2026-06-30,23,59,0
C00383,20,Carcaixent,ecommerce,254.38,127.19,2,0,urban,high,2026-06-30,28,116,0
C00384,33,Alzira,ecommerce,194.42,97.21,2,0,electric,high,2026-06-30,24,39,0
C00385,48,Tavernes,ecommerce,228.04,114.02,2,0,mountain,medium,2026-06-30,62,18,0
C00386,31,Carcaixent,ecommerce,,96.72,10,0.1,electric,medium,2026-06-30,74,6,1
C00387,62,Oliva,store,2742.74,210.98,13,0,service,medium,2026-06-30,47,34,0
C00388,31,Tavernes,store,270.81,90.27,3,0,urban,medium,2026-06-30,62,62,0
C00389,35,Gandia,store,533.16,177.72,3,0,urban,medium,2026-06-30,57,33,0
C00390,28,Gandia,ecommerce,100.16,100.16,1,0,urban,medium,2026-06-30,29,101,0
C00391,40,Carcaixent,store,608.92,152.23,4,0.25,urban,low,2026-06-30,27,35,1
C00392,70,Alzira,ecommerce,,107.74,3,0,service,high,2026-06-30,16,103,0
C00393,28,Gandia,ecommerce,652.75,93.25,7,0,urban,medium,2026-06-30,101,5,0
C00394,44,Gandia,ecommerce,358.3,71.66,5,0,service,medium,2026-06-30,95,11,0
C00395,18,Tavernes,store,692.46,115.41,6,0.1667,service,low,2026-06-30,4,23,1
C00396,48,Oliva,store,1788.08,223.51,8,0,service,low,2026-06-30,64,77,0
C00397,20,Carcaixent,ecommerce,1152.28,288.07,4,0,urban,medium,2026-06-30,59,4,0
C00398,68,Oliva,ecommerce,2507.1,417.85,6,0,urban,high,2026-06-30,58,46,0
C00399,46,Tavernes,ecommerce,440.1,73.35,6,0.1667,mountain,low,2026-06-30,108,13,1
C00400,56,Gandia,store,805.68,100.71,8,0.25,urban,high,2026-06-30,99,67,2
C00401,22,Gandia,store,898.48,224.62,4,0.25,urban,medium,2026-06-30,4,112,1
C00402,29,Gandia,ecommerce,84.8,84.8,1,0,electric,medium,2026-06-30,64,364,0
C00403,43,Tavernes,ecommerce,482.37,68.91,7,0.1429,mountain,medium,2026-06-30,96,1,1
C00404,60,Sueca,ecommerce,1737.19,133.63,13,0.0769,service,medium,2026-06-30,58,25,1
C00405,64,Gandia,ecommerce,,384.31,4,0,urban,high,2026-06-30,20,32,0
C00406,45,Tavernes,ecommerce,393.6,196.8,2,0.5,urban,low,2026-06-30,100,139,1
C00407,42,Alzira,ecommerce,152.6,76.3,2,0.5,urban,high,2026-06-30,59,133,1
C00408,48,Gandia,ecommerce,4119.92,588.56,7,0,mountain,low,2026-06-30,107,19,0
C00409,44,Alzira,store,2214.18,738.06,3,0,electric,medium,2026-06-30,41,30,0
C00410,46,Carcaixent,store,3260.2,652.04,5,0,electric,medium,2026-06-30,49,212,0
C00411,35,Oliva,store,260.64,86.88,3,0.3333,urban,medium,2026-06-30,16,30,1
C00412,25,Tavernes,store,1765.5,294.25,6,0,service,medium,2026-06-30,101,9,0
C00413,49,Sueca,store,121.59,121.59,1,0,mountain,medium,2026-06-30,61,81,0
C00414,33,Oliva,ecommerce,780.18,130.03,6,0,service,medium,2026-06-30,120,86,0
C00415,28,Sueca,ecommerce,507,101.4,5,0,mountain,low,2026-06-30,88,6,0
C00416,37,Alzira,store,96.91,96.91,1,0,urban,high,2026-06-30,66,70,0
C00417,31,Tavernes,ecommerce,61.33,61.33,1,0,mountain,high,2026-06-30,26,2,0
C00418,43,Sueca,store,3127.88,223.42,14,0,mountain,medium,2026-06-30,66,82,0
C00419,54,Oliva,ecommerce,91.87,91.87,1,0,service,medium,2026-06-30,46,364,0
C00420,51,Carcaixent,ecommerce,4448.72,556.09,8,0,service,medium,2026-06-30,41,95,0
C00421,50,Gandia,store,2421.31,142.43,17,0,mountain,high,2026-06-30,16,8,0
C00422,28,Gandia,store,2140.1,214.01,10,0,electric,medium,2026-06-30,37,1,0
C00423,52,Gandia,ecommerce,76.52,38.26,2,0,service,high,2026-06-30,68,155,0
C00424,37,Alzira,ecommerce,3764.82,627.47,6,0,electric,medium,2026-06-30,76,13,0
C00425,69,Carcaixent,store,6363.81,707.09,9,0.1111,service,medium,2026-06-30,27,58,1
C00426,45,Tavernes,ecommerce,5173.7,517.37,10,0.1,urban,medium,2026-06-30,84,27,1
C00427,51,Gandia,ecommerce,568.92,94.82,6,0.3333,mountain,high,2026-06-30,57,27,2
C00428,30,Oliva,ecommerce,463.75,92.75,5,0,electric,low,2026-06-30,95,5,0
C00429,47,Oliva,store,295.26,42.18,7,0,urban,medium,2026-06-30,49,0,0
C00430,43,Oliva,store,2023.14,337.19,6,0,mountain,high,2026-06-30,12,55,0
C00431,43,Carcaixent,store,427.4,85.48,5,0,urban,high,2026-06-30,28,59,0
C00432,35,Oliva,store,1485.44,185.68,8,0.125,electric,medium,2026-06-30,20,34,1
C00433,42,Carcaixent,ecommerce,139.98,46.66,3,0,urban,low,2026-06-30,35,139,0
C00434,43,Oliva,store,7833.98,712.18,11,0,service,medium,2026-06-30,48,33,0
C00435,62,Sueca,ecommerce,572.2,143.05,4,0,urban,low,2026-06-30,22,54,0
C00436,42,Gandia,store,1316.7,188.1,7,0,service,low,2026-06-30,81,2,0
C00437,18,Tavernes,ecommerce,186.76,186.76,1,0,service,medium,2026-06-30,109,226,0
C00438,38,Gandia,store,342.36,85.59,4,0.25,urban,medium,2026-06-30,18,30,1
C00439,55,Oliva,store,1085.77,155.11,7,0,electric,medium,2026-06-30,66,1,0
C00440,60,Carcaixent,store,547.9,547.9,1,0,electric,high,2026-06-30,53,102,0
C00441,29,Oliva,store,630.36,70.04,9,0.3333,urban,low,2026-06-30,84,51,3
C00442,54,Oliva,ecommerce,3867.08,966.77,4,0,electric,medium,2026-06-30,85,57,0
C00443,57,Sueca,ecommerce,480.25,96.05,5,0,urban,high,2026-06-30,88,4,0
C00444,47,Tavernes,ecommerce,1864.83,169.53,11,0.2727,mountain,low,2026-06-30,52,52,3
C00445,35,Tavernes,ecommerce,545.4,136.35,4,0,urban,medium,2026-06-30,81,117,0
C00446,32,Sueca,store,161.25,32.25,5,0,electric,medium,2026-06-30,51,63,0
C00447,47,Carcaixent,store,1082.2,154.6,7,0,electric,high,2026-06-30,17,36,0
C00448,53,Alzira,ecommerce,1933.6,241.7,8,0,urban,medium,2026-06-30,117,46,0
C00449,59,Gandia,store,2490.3,498.06,5,0,electric,high,2026-06-30,44,50,0
C00450,58,Tavernes,store,561.76,140.44,4,0,urban,high,2026-06-30,106,30,0
C00451,36,Carcaixent,ecommerce,57.03,57.03,1,0,service,high,2026-06-30,79,218,0
C00452,53,Carcaixent,store,1577.4,525.8,3,0,electric,low,2026-06-30,56,46,0
C00453,43,Alzira,store,1275.57,141.73,9,0,electric,medium,2026-06-30,76,18,0
C00454,25,Sueca,store,851.76,121.68,7,0,mountain,high,2026-06-30,5,17,0
C00455,39,Alzira,ecommerce,1957.12,244.64,8,0.25,mountain,low,2026-06-30,37,44,2
C00456,63,Oliva,ecommerce,624.45,124.89,5,0,mountain,medium,2026-06-30,65,110,0
C00457,46,Sueca,store,677.75,135.55,5,0.2,urban,high,2026-06-30,111,6,1
C00458,37,Alzira,ecommerce,1006.67,143.81,7,0,mountain,low,2026-06-30,105,19,0
C00459,49,Sueca,store,1509.66,251.61,6,0.1667,mountain,low,2026-06-30,116,16,1
C00460,47,Gandia,store,2970,371.25,8,0,mountain,medium,2026-06-30,97,,0
C00461,61,Sueca,store,497.28,124.32,4,0,electric,medium,2026-06-30,76,76,0
C00462,31,Alzira,store,3018.6,335.4,9,0.2222,urban,low,2026-06-30,17,17,2
C00463,29,Tavernes,store,2219.55,739.85,3,0,electric,low,2026-06-30,57,83,0
C00464,37,Carcaixent,store,278.91,92.97,3,0,urban,low,2026-06-30,2,22,0
C00465,45,Gandia,store,2052.65,410.53,5,0,mountain,medium,2026-06-30,18,40,0
C00466,53,Gandia,store,1858.35,371.67,5,0,urban,low,2026-06-30,28,24,0
C00467,59,Carcaixent,ecommerce,5361.68,670.21,8,0,service,medium,2026-06-30,105,68,0
C00468,38,Carcaixent,ecommerce,1843.17,263.31,7,0.1429,mountain,high,2026-06-30,44,35,1
C00469,23,Gandia,store,3192.36,266.03,12,0,mountain,high,2026-06-30,18,36,0
C00470,23,Gandia,ecommerce,219.12,73.04,3,0.3333,service,low,2026-06-30,28,55,1
C00471,48,Gandia,ecommerce,1254.88,313.72,4,0.25,electric,low,2026-06-30,53,65,1
C00472,74,Oliva,store,7174.89,797.21,9,0.1111,electric,low,2026-06-30,51,5,1
C00473,68,Sueca,store,2151.2,537.8,4,0,service,medium,2026-06-30,38,46,0
C00474,36,Sueca,ecommerce,3809.9,380.99,10,0.1,electric,high,2026-06-30,69,101,1
C00475,52,Sueca,store,684.24,114.04,6,0.1667,urban,medium,2026-06-30,95,90,1
C00476,18,Sueca,store,3571.7,714.34,5,0,electric,low,2026-06-30,60,125,0
C00477,42,Oliva,ecommerce,1770,221.25,8,0,mountain,low,2026-06-30,103,62,0
C00478,42,Gandia,ecommerce,1566.88,391.72,4,0,electric,low,2026-06-30,45,67,0
C00479,28,Gandia,ecommerce,309.6,103.2,3,0,mountain,low,2026-06-30,59,43,0
C00480,62,Carcaixent,ecommerce,433.44,72.24,6,0.1667,urban,low,2026-06-30,59,4,1
C00481,18,Oliva,ecommerce,1175.25,235.05,5,0,urban,low,2026-06-30,39,136,0
C00482,53,Oliva,store,748.84,748.84,1,0,service,high,2026-06-30,114,10,0
C00483,63,Sueca,store,433.12,108.28,4,0,service,high,2026-06-30,21,156,0
C00484,54,Alzira,store,1383.25,125.75,11,0.1818,electric,medium,2026-06-30,95,43,2
C00485,51,Oliva,store,206.58,68.86,3,0,urban,low,2026-06-30,51,134,0
C00486,35,Carcaixent,store,792.4,396.2,2,0,electric,low,2026-06-30,51,274,0
C00487,48,Carcaixent,ecommerce,189.5,94.75,2,0,urban,high,2026-06-30,82,98,0
C00488,62,Sueca,ecommerce,236.5,47.3,5,0,service,low,2026-06-30,61,94,0
C00489,38,Gandia,ecommerce,714.3,142.86,5,0,electric,low,2026-06-30,87,38,0
C00490,54,Carcaixent,ecommerce,3524.15,704.83,5,0,service,high,2026-06-30,95,1,0
C00491,47,Alzira,store,150.6,50.2,3,0,urban,high,2026-06-30,92,101,0
C00492,19,Carcaixent,store,240.72,80.24,3,0,urban,medium,2026-06-30,49,173,0
C00493,39,Alzira,ecommerce,2754.56,688.64,4,0,electric,low,2026-06-30,92,94,0
C00494,65,Tavernes,ecommerce,2163.2,432.64,5,0,urban,medium,2026-06-30,106,36,0
C00495,,Tavernes,ecommerce,84.92,84.92,1,0,urban,high,2026-06-30,49,100,0
C00496,43,Alzira,ecommerce,302.79,100.93,3,0,mountain,medium,2026-06-30,115,7,0
C00497,53,Oliva,ecommerce,283.55,56.71,5,0,service,low,2026-06-30,21,6,0
C00498,36,Tavernes,ecommerce,2117.52,529.38,4,0,electric,medium,2026-06-30,86,110,0
C00499,41,Gandia,ecommerce,4502.95,900.59,5,0.4,urban,medium,2026-06-30,63,19,2
C00500,40,Gandia,store,76.06,76.06,1,0,service,medium,2026-06-30,21,5,0
C00501,59,Sueca,ecommerce,3860.3,772.06,5,0,mountain,low,2026-06-30,10,93,0
C00502,40,Tavernes,store,766.43,109.49,7,0.1429,service,low,2026-06-30,59,54,1
C00503,48,Gandia,ecommerce,697.59,77.51,9,0.2222,urban,low,2026-06-30,57,0,2
C00504,59,Alzira,store,1840.28,920.14,2,0,electric,low,2026-06-30,69,240,0
C00505,34,Tavernes,store,967.38,161.23,6,0,electric,medium,2026-06-30,7,66,0
C00506,43,Sueca,store,1200.5,171.5,7,0.1429,electric,medium,2026-06-30,5,0,1
C00507,51,Gandia,store,410.22,136.74,3,0.3333,mountain,medium,2026-06-30,117,92,1
C00508,42,Sueca,store,404.48,101.12,4,0,urban,medium,2026-06-30,13,76,0
C00509,35,Alzira,ecommerce,576.75,115.35,5,0,urban,medium,2026-06-30,66,26,0
C00510,38,Oliva,ecommerce,1515.22,216.46,7,0.1429,mountain,low,2026-06-30,95,47,1
C00511,33,Alzira,ecommerce,1379.35,197.05,7,0,electric,high,2026-06-30,8,2,0
C00512,43,Oliva,store,560.01,186.67,3,0,urban,medium,2026-06-30,61,213,0
C00513,52,Alzira,store,2482.74,190.98,13,0.1538,mountain,medium,2026-06-30,6,3,2
C00514,50,Sueca,ecommerce,1203.04,150.38,8,0,urban,low,2026-06-30,117,53,0
C00515,51,Sueca,ecommerce,2564,256.4,10,0,electric,medium,2026-06-30,51,35,0
C00516,62,Gandia,store,159.15,53.05,3,0,service,high,2026-06-30,71,252,0
C00517,58,Tavernes,store,109.58,109.58,1,0,service,high,2026-06-30,35,72,0
C00518,42,Alzira,ecommerce,429.6,85.92,5,0.2,urban,low,2026-06-30,16,100,1
C00519,35,Oliva,ecommerce,111.13,111.13,1,0,service,medium,2026-06-30,52,12,0
C00520,42,Carcaixent,ecommerce,2526.32,631.58,4,0,electric,high,2026-06-30,88,10,0
C00521,39,Gandia,ecommerce,582.69,194.23,3,0,urban,medium,2026-06-30,114,305,0
C00522,37,Tavernes,ecommerce,35.31,35.31,1,0,mountain,low,2026-06-30,30,362,0
C00523,47,Tavernes,ecommerce,253.76,63.44,4,0,urban,medium,2026-06-30,94,43,0
C00524,43,Tavernes,ecommerce,821.75,164.35,5,0,mountain,low,2026-06-30,112,4,0
C00525,36,Oliva,store,2128.8,141.92,15,0,mountain,medium,2026-06-30,54,1,0
C00526,59,Tavernes,ecommerce,1086.65,217.33,5,0,electric,medium,2026-06-30,18,215,0
C00527,35,Tavernes,ecommerce,537.36,134.34,4,0.25,urban,high,2026-06-30,110,12,1
C00528,56,Tavernes,ecommerce,5357.38,765.34,7,0.1429,service,low,2026-06-30,60,197,1
C00529,65,Alzira,store,910.35,130.05,7,0,service,low,2026-06-30,109,21,0
C00530,48,Sueca,ecommerce,184.4,92.2,2,1,urban,low,2026-06-30,103,125,2
C00531,53,Tavernes,store,328.6,82.15,4,0,service,medium,2026-06-30,27,50,0
C00532,23,Tavernes,store,1588.93,226.99,7,0.4286,mountain,low,2026-06-30,43,0,3
C00533,50,Carcaixent,store,5566.56,927.76,6,0.1667,electric,medium,2026-06-30,32,44,1
C00534,20,Oliva,ecommerce,182.04,91.02,2,0,mountain,low,2026-06-30,62,126,0
C00535,31,Gandia,ecommerce,1045.6,261.4,4,0.25,electric,medium,2026-06-30,32,22,1
C00536,36,Tavernes,store,12486.36,1040.53,12,0,electric,medium,2026-06-30,3,13,0
C00537,58,Tavernes,ecommerce,149.94,149.94,1,0,electric,medium,2026-06-30,114,88,0
C00538,67,Alzira,ecommerce,430.8,143.6,3,0,electric,high,2026-06-30,60,18,0
C00539,53,Oliva,ecommerce,1335.7,133.57,10,0,electric,low,2026-06-30,91,24,0
C00540,60,Alzira,store,4947.96,824.66,6,0,mountain,medium,2026-06-30,101,3,0
C00541,32,Sueca,ecommerce,1584.36,176.04,9,0.1111,urban,high,2026-06-30,43,113,1
C00542,49,Gandia,ecommerce,498.6,124.65,4,0,urban,low,2026-06-30,30,34,0
C00543,39,Gandia,ecommerce,197.85,39.57,5,0,urban,high,2026-06-30,60,88,0
C00544,25,Sueca,ecommerce,,169.36,4,0,service,medium,2026-06-30,116,32,0
C00545,44,Tavernes,store,1914,191.4,10,0.1,urban,medium,2026-06-30,33,68,1
C00546,,Oliva,ecommerce,1991.64,331.94,6,0,electric,low,2026-06-30,3,84,0
C00547,57,Sueca,ecommerce,1857.87,206.43,9,0,electric,medium,2026-06-30,95,25,0
C00548,50,Oliva,ecommerce,2267.64,251.96,9,0,electric,medium,2026-06-30,102,37,0
C00549,36,Carcaixent,store,179.52,89.76,2,0,service,high,2026-06-30,82,32,0
C00550,47,Alzira,store,745.32,124.22,6,0,urban,medium,2026-06-30,47,4,0
C00551,70,Sueca,ecommerce,856.96,107.12,8,0,electric,low,2026-06-30,24,2,0
C00552,58,Alzira,ecommerce,1074.64,134.33,8,0.125,mountain,low,2026-06-30,109,39,1
C00553,45,Gandia,store,942.5,188.5,5,0,electric,low,2026-06-30,88,128,0
C00554,35,Alzira,ecommerce,749.49,107.07,7,0,mountain,medium,2026-06-30,27,,0
C00555,52,Gandia,ecommerce,426.05,85.21,5,0,urban,low,2026-06-30,41,,0
C00556,51,Tavernes,store,63,63,1,0,urban,high,2026-06-30,47,364,0
C00557,40,Oliva,store,358.74,119.58,3,0,urban,low,2026-06-30,37,26,0
C00558,37,Carcaixent,ecommerce,1942.96,242.87,8,0,electric,low,2026-06-30,81,,0
C00559,52,Oliva,ecommerce,239.22,79.74,3,0,service,low,2026-06-30,88,154,0
C00560,35,Gandia,ecommerce,164.37,54.79,3,0,mountain,low,2026-06-30,12,44,0
C00561,53,Gandia,ecommerce,3055.75,611.15,5,0,mountain,medium,2026-06-30,28,1,0
C00562,47,Carcaixent,store,84.16,42.08,2,0,service,high,2026-06-30,3,84,0
C00563,55,Carcaixent,ecommerce,231.7,115.85,2,0,urban,low,2026-06-30,119,1,0
C00564,72,Carcaixent,ecommerce,51.92,51.92,1,0,urban,high,2026-06-30,101,224,0
C00565,27,Oliva,store,1077.54,179.59,6,0,mountain,high,2026-06-30,117,31,0
C00566,38,Sueca,ecommerce,4426.24,553.28,8,0,service,high,2026-06-30,27,24,0
C00567,52,Tavernes,ecommerce,1365.9,227.65,6,0,mountain,high,2026-06-30,79,36,0
C00568,38,Oliva,ecommerce,4401.7,880.34,5,0,urban,low,2026-06-30,50,81,0
C00569,54,Gandia,ecommerce,205.04,51.26,4,0,service,medium,2026-06-30,39,83,0
C00570,44,Sueca,store,948.69,105.41,9,0,service,medium,2026-06-30,47,3,0
C00571,63,Carcaixent,store,634.68,105.78,6,0,urban,high,2026-06-30,82,63,0
C00572,42,Alzira,ecommerce,2276.8,227.68,10,0,mountain,high,2026-06-30,13,0,0
C00573,41,Carcaixent,ecommerce,5894.16,982.36,6,0,electric,low,2026-06-30,109,121,0
C00574,60,Gandia,store,3638.61,404.29,9,0,electric,low,2026-06-30,20,62,0
C00575,54,Sueca,ecommerce,317.24,158.62,2,0,mountain,high,2026-06-30,11,4,0
C00576,47,Oliva,store,8757.45,1751.49,5,0,mountain,low,2026-06-30,118,127,0
C00577,38,Sueca,ecommerce,218.9,109.45,2,0,urban,high,2026-06-30,93,135,0
C00578,28,Carcaixent,ecommerce,744.12,124.02,6,0,service,medium,2026-06-30,19,18,0
C00579,61,Gandia,store,416.95,83.39,5,0,urban,low,2026-06-30,112,57,0
C00580,38,Sueca,ecommerce,601.9,120.38,5,0.2,service,high,2026-06-30,13,20,1
C00581,25,Alzira,ecommerce,693.52,86.69,8,0,urban,medium,2026-06-30,62,7,0
C00582,60,Gandia,store,1522.99,217.57,7,0,electric,high,2026-06-30,83,6,0
C00583,48,Oliva,store,844.44,140.74,6,0,service,medium,2026-06-30,37,31,0
C00584,20,Carcaixent,store,378.05,75.61,5,0,urban,high,2026-06-30,85,62,0
C00585,51,Gandia,store,2260.6,226.06,10,0.2,electric,medium,2026-06-30,36,51,2
C00586,59,Oliva,ecommerce,296.34,98.78,3,0,mountain,low,2026-06-30,102,183,0
C00587,31,Carcaixent,store,47.62,47.62,1,1,urban,low,2026-06-30,76,285,1
C00588,53,Oliva,ecommerce,1327.36,331.84,4,0,electric,low,2026-06-30,12,95,0
C00589,45,Tavernes,ecommerce,980.16,122.52,8,0.25,electric,medium,2026-06-30,27,84,2
C00590,58,Alzira,ecommerce,503.22,83.87,6,0.1667,mountain,low,2026-06-30,79,0,1
C00591,35,Alzira,ecommerce,3195.52,399.44,8,0.25,urban,high,2026-06-30,95,45,2
C00592,40,Alzira,ecommerce,1559.53,222.79,7,0.1429,mountain,low,2026-06-30,17,7,1
C00593,52,Tavernes,ecommerce,215.55,71.85,3,0.3333,mountain,high,2026-06-30,14,30,1
C00594,31,Tavernes,ecommerce,584.04,146.01,4,0,urban,high,2026-06-30,3,71,0
C00595,50,Gandia,ecommerce,761.2,95.15,8,0.25,electric,medium,2026-06-30,8,0,2
C00596,36,Gandia,store,235.12,117.56,2,0,service,medium,2026-06-30,58,95,0
C00597,45,Alzira,store,156.54,78.27,2,0,mountain,low,2026-06-30,50,281,0
C00598,51,Carcaixent,ecommerce,44.28,44.28,1,0,urban,high,2026-06-30,77,26,0
C00599,54,Tavernes,store,1893.81,631.27,3,0,mountain,medium,2026-06-30,20,260,0
C00600,69,Tavernes,ecommerce,557.28,92.88,6,0,mountain,high,2026-06-30,13,8,0
C00601,49,Oliva,ecommerce,9762.03,1084.67,9,0,electric,high,2026-06-30,104,152,0
C00602,50,Oliva,store,871.44,108.93,8,0,mountain,medium,2026-06-30,56,3,0
C00603,34,Gandia,store,5865.4,1173.08,5,0.2,mountain,high,2026-06-30,62,45,1
C00604,52,Oliva,ecommerce,1563.48,173.72,9,0,electric,low,2026-06-30,101,27,0
C00605,33,Oliva,ecommerce,390.12,97.53,4,0.25,mountain,medium,2026-06-30,88,7,1
C00606,66,Oliva,store,305.4,152.7,2,0,urban,high,2026-06-30,31,364,0
C00607,44,Oliva,ecommerce,440.4,110.1,4,0,electric,high,2026-06-30,94,265,0
C00608,39,Tavernes,ecommerce,2913.55,582.71,5,0,mountain,medium,2026-06-30,38,26,0
C00609,26,Alzira,ecommerce,482.16,160.72,3,0,service,high,2026-06-30,78,122,0
C00610,26,Oliva,ecommerce,197.48,49.37,4,0,service,low,2026-06-30,106,3,0
C00611,65,Oliva,ecommerce,94.78,94.78,1,0,mountain,high,2026-06-30,108,364,0
C00612,43,Gandia,store,82.32,41.16,2,0,service,high,2026-06-30,28,63,0
C00613,62,Oliva,ecommerce,105.82,52.91,2,0,urban,medium,2026-06-30,118,38,0
C00614,44,Tavernes,ecommerce,1380.32,172.54,8,0,mountain,low,2026-06-30,107,56,0
C00615,51,Carcaixent,ecommerce,79.57,79.57,1,0,urban,low,2026-06-30,47,210,0
C00616,33,Gandia,ecommerce,283.22,141.61,2,0,mountain,low,2026-06-30,90,175,0
C00617,43,Carcaixent,ecommerce,607.5,101.25,6,0.1667,urban,medium,2026-06-30,95,12,1
C00618,22,Tavernes,store,425.7,85.14,5,0.4,electric,high,2026-06-30,87,21,2
C00619,52,Tavernes,store,99.1,99.1,1,0,urban,medium,2026-06-30,96,33,0
C00620,35,Sueca,ecommerce,1812.78,201.42,9,0.1111,mountain,medium,2026-06-30,90,8,1
C00621,55,Alzira,store,127.09,127.09,1,0,urban,low,2026-06-30,42,59,0
C00622,18,Alzira,ecommerce,4522.57,347.89,13,0,electric,low,2026-06-30,104,29,0
C00623,50,Alzira,ecommerce,138.68,138.68,1,0,electric,high,2026-06-30,101,144,0
C00624,46,Alzira,ecommerce,74.03,74.03,1,1,mountain,medium,2026-06-30,107,241,1
C00625,33,Carcaixent,ecommerce,539.4,179.8,3,0,mountain,medium,2026-06-30,114,92,0
C00626,27,Sueca,store,359.65,71.93,5,0,urban,low,2026-06-30,52,64,0
C00627,34,Carcaixent,ecommerce,342.81,114.27,3,0,urban,high,2026-06-30,28,22,0
C00628,41,Tavernes,ecommerce,886.65,177.33,5,0.2,urban,high,2026-06-30,55,27,1
C00629,42,Gandia,ecommerce,551.39,78.77,7,0.4286,mountain,low,2026-06-30,92,0,3
C00630,47,Oliva,ecommerce,306.94,153.47,2,0.5,urban,medium,2026-06-30,79,159,1
C00631,47,Sueca,store,975.9,97.59,10,0.2,urban,high,2026-06-30,63,56,2
C00632,48,Oliva,store,1948.15,389.63,5,0,electric,low,2026-06-30,110,108,0
C00633,44,Tavernes,ecommerce,797.58,132.93,6,0.1667,urban,medium,2026-06-30,48,22,1
C00634,34,Sueca,ecommerce,307.26,102.42,3,0,electric,high,2026-06-30,55,328,0
C00635,46,Gandia,store,192.33,64.11,3,0,urban,medium,2026-06-30,13,65,0
C00636,24,Oliva,ecommerce,1692.13,153.83,11,0.1818,mountain,medium,2026-06-30,107,20,2
C00637,40,Tavernes,ecommerce,582.24,97.04,6,0.1667,urban,low,2026-06-30,9,4,1
C00638,18,Alzira,ecommerce,1252.16,178.88,7,0.2857,urban,medium,2026-06-30,45,23,2
C00639,55,Gandia,ecommerce,867.66,144.61,6,0,mountain,low,2026-06-30,97,11,0
C00640,48,Oliva,store,1846.17,205.13,9,0,mountain,high,2026-06-30,63,34,0
C00641,44,Alzira,ecommerce,1690,211.25,8,0.25,urban,high,2026-06-30,32,29,2
C00642,57,Sueca,ecommerce,2071.08,188.28,11,0.0909,mountain,medium,2026-06-30,8,114,1
C00643,46,Sueca,ecommerce,949.55,135.65,7,0.1429,electric,low,2026-06-30,100,0,1
C00644,54,Sueca,store,1471.08,245.18,6,0.1667,urban,low,2026-06-30,113,47,1
C00645,47,Sueca,ecommerce,406.68,101.67,4,0.25,electric,medium,2026-06-30,100,46,1
C00646,53,Sueca,ecommerce,794.25,158.85,5,0,service,medium,2026-06-30,103,27,0
C00647,34,Gandia,ecommerce,2314.16,289.27,8,0.125,mountain,high,2026-06-30,41,35,1
C00648,37,Tavernes,store,752.8,75.28,10,0.1,electric,medium,2026-06-30,30,4,1
C00649,25,Carcaixent,ecommerce,1834,366.8,5,0,mountain,high,2026-06-30,108,1,0
C00650,32,Oliva,store,2092.56,348.76,6,0,electric,medium,2026-06-30,33,55,0
C00651,36,Sueca,store,709.24,101.32,7,0.1429,service,medium,2026-06-30,77,52,1
C00652,65,Sueca,store,172.77,57.59,3,0,service,high,2026-06-30,103,62,0
C00653,35,Gandia,store,761.43,253.81,3,0,electric,low,2026-06-30,56,108,0
C00654,54,Carcaixent,ecommerce,10170.88,1271.36,8,0,electric,medium,2026-06-30,75,1,0
C00655,50,Sueca,ecommerce,265.65,88.55,3,0,urban,low,2026-06-30,85,364,0
C00656,55,Oliva,store,5314.92,885.82,6,0,mountain,high,2026-06-30,35,64,0
C00657,44,Sueca,store,2282.94,253.66,9,0,mountain,high,2026-06-30,22,37,0
C00658,55,Sueca,ecommerce,2226,278.25,8,0.125,electric,high,2026-06-30,56,28,1
C00659,34,Sueca,ecommerce,953.35,190.67,5,0,urban,medium,2026-06-30,50,26,0
C00660,47,Alzira,ecommerce,976.16,244.04,4,0,urban,medium,2026-06-30,31,2,0
C00661,56,Oliva,ecommerce,2335.47,778.49,3,0,electric,high,2026-06-30,9,37,0
C00662,37,Oliva,ecommerce,1924.12,174.92,11,0.0909,mountain,medium,2026-06-30,101,33,1
C00663,43,Oliva,ecommerce,351.16,87.79,4,0.25,urban,medium,2026-06-30,63,295,1
C00664,69,Oliva,store,5015.04,835.84,6,0,urban,medium,2026-06-30,47,3,0
C00665,26,Sueca,store,403.92,100.98,4,0,mountain,low,2026-06-30,14,18,0
C00666,38,Carcaixent,ecommerce,392.34,65.39,6,0,mountain,low,2026-06-30,25,59,0
C00667,31,Tavernes,store,138.9,69.45,2,0,service,low,2026-06-30,98,46,0
C00668,31,Gandia,ecommerce,1635.41,233.63,7,0,urban,low,2026-06-30,26,133,0
C00669,33,Gandia,store,796.53,265.51,3,0,mountain,medium,2026-06-30,51,33,0
C00670,27,Oliva,ecommerce,328.62,164.31,2,0,urban,low,2026-06-30,102,53,0
C00671,55,Oliva,ecommerce,96.63,32.21,3,0,urban,medium,2026-06-30,44,20,0
C00672,31,Tavernes,store,3085.18,440.74,7,0,mountain,medium,2026-06-30,78,12,0
C00673,53,Sueca,ecommerce,76.22,38.11,2,0,service,high,2026-06-30,100,51,0
C00674,52,Alzira,ecommerce,2139.75,237.75,9,0,mountain,high,2026-06-30,49,3,0
C00675,28,Alzira,store,751.44,250.48,3,0.3333,electric,high,2026-06-30,97,224,1
C00676,,Gandia,ecommerce,1482.68,370.67,4,0,electric,medium,2026-06-30,106,115,0
C00677,60,Gandia,store,736.76,184.19,4,0,urban,high,2026-06-30,108,184,0
C00678,49,Tavernes,ecommerce,503.56,125.89,4,0,electric,medium,2026-06-30,109,6,0
C00679,34,Sueca,ecommerce,519.15,103.83,5,0.2,service,medium,2026-06-30,38,92,1
C00680,45,Carcaixent,ecommerce,547.56,91.26,6,0,urban,low,2026-06-30,12,49,0
C00681,34,Tavernes,ecommerce,2917.8,291.78,10,0.1,mountain,high,2026-06-30,8,120,1
C00682,57,Gandia,store,243.6,121.8,2,0,service,low,2026-06-30,101,97,0
C00683,43,Tavernes,store,298.07,298.07,1,0,electric,low,2026-06-30,120,31,0
C00684,42,Gandia,store,513.7,102.74,5,0,urban,low,2026-06-30,112,51,0
C00685,51,Carcaixent,ecommerce,379.24,94.81,4,0,service,medium,2026-06-30,25,11,0
C00686,50,Alzira,store,1018.08,254.52,4,0,mountain,high,2026-06-30,119,273,0
C00687,40,Oliva,store,2592.5,518.5,5,0,mountain,medium,2026-06-30,119,6,0
C00688,69,Carcaixent,store,2527.04,631.76,4,0,electric,medium,2026-06-30,99,290,0
C00689,19,Sueca,store,329,82.25,4,0,mountain,medium,2026-06-30,38,11,0
C00690,60,Gandia,ecommerce,832.3,166.46,5,0.2,urban,low,2026-06-30,89,20,1
C00691,56,Gandia,store,155.1,77.55,2,0,service,low,2026-06-30,110,152,0
C00692,42,Alzira,store,2596.3,370.9,7,0.1429,electric,low,2026-06-30,49,3,1
C00693,31,Alzira,store,477.89,68.27,7,0.2857,urban,low,2026-06-30,15,14,2
C00694,47,Carcaixent,ecommerce,355.38,177.69,2,0,service,high,2026-06-30,64,57,0
C00695,52,Alzira,ecommerce,768.27,256.09,3,0,mountain,medium,2026-06-30,46,16,0
C00696,38,Carcaixent,store,880.88,125.84,7,0,mountain,medium,2026-06-30,15,36,0
C00697,52,Sueca,ecommerce,542.7,108.54,5,0.2,service,low,2026-06-30,37,51,1
C00698,57,Gandia,store,129.42,43.14,3,0,mountain,medium,2026-06-30,52,73,0
C00699,30,Tavernes,ecommerce,148.02,74.01,2,0,mountain,low,2026-06-30,107,4,0
C00700,41,Gandia,ecommerce,434.68,108.67,4,0,mountain,medium,2026-06-30,11,106,0
C00701,67,Gandia,ecommerce,2332,466.4,5,0,electric,low,2026-06-30,79,86,0
C00702,33,Oliva,ecommerce,722.34,80.26,9,0.1111,urban,low,2026-06-30,68,43,1
C00703,23,Sueca,store,731,73.1,10,0.2,mountain,medium,2026-06-30,74,10,2
C00704,57,Carcaixent,ecommerce,372.68,93.17,4,0,mountain,medium,2026-06-30,22,262,0
C00705,43,Gandia,store,988.8,197.76,5,0,urban,medium,2026-06-30,5,42,0
C00706,64,Oliva,ecommerce,3875,775,5,0,electric,low,2026-06-30,5,9,0
C00707,76,Sueca,store,218.73,72.91,3,0,electric,low,2026-06-30,116,58,0
C00708,38,Carcaixent,store,2526.9,421.15,6,0,electric,medium,2026-06-30,70,17,0
C00709,57,Tavernes,ecommerce,623.28,77.91,8,0,service,medium,2026-06-30,90,47,0
C00710,40,Sueca,ecommerce,528.9,105.78,5,0,mountain,low,2026-06-30,75,7,0
C00711,47,Carcaixent,store,790.85,158.17,5,0,urban,high,2026-06-30,95,56,0
C00712,33,Alzira,ecommerce,289.75,289.75,1,0,urban,medium,2026-06-30,55,22,0
C00713,40,Oliva,ecommerce,142.54,71.27,2,0,urban,medium,2026-06-30,92,10,0
C00714,33,Oliva,store,295.6,73.9,4,0.25,urban,medium,2026-06-30,2,56,1
C00715,36,Alzira,store,510.78,170.26,3,0.3333,mountain,medium,2026-06-30,66,47,1
C00716,52,Alzira,ecommerce,2850.25,570.05,5,0,electric,medium,2026-06-30,77,67,0
C00717,34,Carcaixent,ecommerce,283.11,94.37,3,0.6667,urban,low,2026-06-30,84,72,2
C00718,38,Carcaixent,ecommerce,2894.97,222.69,13,0,mountain,high,2026-06-30,90,5,0
C00719,50,Oliva,ecommerce,69.96,23.32,3,0.3333,service,high,2026-06-30,94,33,1
C00720,44,Gandia,ecommerce,1651.48,412.87,4,0,electric,low,2026-06-30,94,15,0
C00721,31,Alzira,store,1500.51,136.41,11,0,service,high,2026-06-30,100,7,0
C00722,42,Carcaixent,ecommerce,200.1,66.7,3,0,service,medium,2026-06-30,69,26,0
C00723,40,Tavernes,ecommerce,201.06,100.53,2,0,mountain,low,2026-06-30,39,6,0
C00724,30,Sueca,store,1798.48,224.81,8,0.125,service,low,2026-06-30,20,95,1
C00725,45,Carcaixent,store,5575.29,796.47,7,0,mountain,low,2026-06-30,13,7,0
C00726,39,Alzira,store,1281.91,183.13,7,0.1429,electric,high,2026-06-30,104,14,1
C00727,29,Alzira,ecommerce,566.22,188.74,3,0,urban,medium,2026-06-30,79,21,0
C00728,45,Alzira,store,151.2,75.6,2,0,service,high,2026-06-30,57,100,0
C00729,53,Alzira,ecommerce,7625.7,1270.95,6,0,mountain,medium,2026-06-30,47,22,0
C00730,43,Oliva,ecommerce,3073.4,307.34,10,0,mountain,high,2026-06-30,86,22,0
C00731,52,Gandia,ecommerce,311.36,77.84,4,0,urban,low,2026-06-30,120,50,0
C00732,48,Sueca,store,1412.73,128.43,11,0.0909,mountain,high,2026-06-30,60,9,1
C00733,55,Sueca,store,1818.08,227.26,8,0.125,mountain,low,2026-06-30,88,69,1
C00734,57,Oliva,store,134.66,67.33,2,0,service,high,2026-06-30,48,364,0
C00735,47,Tavernes,ecommerce,458.76,76.46,6,0,urban,medium,2026-06-30,57,6,0
C00736,53,Tavernes,ecommerce,962.48,120.31,8,0,mountain,low,2026-06-30,92,43,0
C00737,43,Alzira,store,550.72,68.84,8,0.125,electric,low,2026-06-30,3,42,1
C00738,47,Gandia,ecommerce,2165.9,196.9,11,0.0909,urban,medium,2026-06-30,23,6,1
C00739,,Alzira,ecommerce,417.36,104.34,4,0.25,electric,medium,2026-06-30,104,55,1
C00740,30,Oliva,store,163.5,54.5,3,0,electric,high,2026-06-30,99,102,0
C00741,63,Carcaixent,ecommerce,889.08,148.18,6,0.5,electric,medium,2026-06-30,64,2,3
C00742,50,Alzira,ecommerce,1593.36,531.12,3,0,service,high,2026-06-30,104,9,0
C00743,57,Carcaixent,ecommerce,115.32,38.44,3,0,mountain,low,2026-06-30,22,46,0
C00744,40,Oliva,store,1332,444,3,0,urban,high,2026-06-30,104,233,0
C00745,30,Sueca,store,1472.38,210.34,7,0.1429,urban,high,2026-06-30,16,58,1
C00746,45,Carcaixent,store,2398.77,799.59,3,0,service,low,2026-06-30,23,26,0
C00747,25,Carcaixent,store,385.05,77.01,5,0,service,medium,2026-06-30,103,21,0
C00748,37,Oliva,ecommerce,1628.7,271.45,6,0,service,low,2026-06-30,98,21,0
C00749,18,Tavernes,store,3669.65,733.93,5,0.2,electric,high,2026-06-30,112,31,1
C00750,56,Oliva,ecommerce,955.8,106.2,9,0.1111,mountain,medium,2026-06-30,16,7,1
C00751,33,Tavernes,store,696.88,87.11,8,0.125,mountain,low,2026-06-30,86,54,1
C00752,43,Carcaixent,ecommerce,568.85,113.77,5,0.2,urban,high,2026-06-30,14,67,1
C00753,31,Gandia,ecommerce,1943.28,161.94,12,0.0833,service,high,2026-06-30,120,43,1
C00754,37,Sueca,ecommerce,1383.97,197.71,7,0,mountain,low,2026-06-30,114,7,0
C00755,42,Sueca,ecommerce,315.04,78.76,4,0,electric,medium,2026-06-30,106,50,0
C00756,34,Alzira,ecommerce,431.5,86.3,5,0.2,urban,medium,2026-06-30,55,37,1
C00757,58,Sueca,ecommerce,1260.98,180.14,7,0.1429,mountain,low,2026-06-30,3,32,1
C00758,41,Gandia,store,602.42,86.06,7,0,electric,low,2026-06-30,109,5,0
C00759,40,Oliva,store,1270.29,181.47,7,0,service,low,2026-06-30,99,,0
C00760,52,Sueca,store,1045.56,522.78,2,0,electric,medium,2026-06-30,26,9,0
C00761,42,Gandia,store,1031.43,343.81,3,0,mountain,low,2026-06-30,14,219,0
C00762,53,Sueca,store,726.72,242.24,3,0,mountain,low,2026-06-30,67,38,0
C00763,38,Sueca,ecommerce,132.92,132.92,1,0,urban,high,2026-06-30,20,220,0
C00764,32,Carcaixent,ecommerce,1544.94,514.98,3,0,electric,medium,2026-06-30,53,285,0
C00765,43,Alzira,ecommerce,872.15,174.43,5,0,urban,low,2026-06-30,69,97,0
C00766,28,Carcaixent,store,1414.02,235.67,6,0.1667,electric,low,2026-06-30,44,113,1
C00767,46,Sueca,store,,383.63,3,0,electric,medium,2026-06-30,37,107,0
C00768,37,Oliva,store,729.45,81.05,9,0.1111,urban,low,2026-06-30,78,26,1
C00769,60,Carcaixent,ecommerce,49.67,49.67,1,0,service,low,2026-06-30,48,199,0
C00770,66,Alzira,ecommerce,196.04,49.01,4,0,mountain,medium,2026-06-30,58,194,0
C00771,44,Sueca,store,238.95,79.65,3,0.6667,urban,high,2026-06-30,61,5,2
C00772,41,Gandia,store,1367.66,195.38,7,0,mountain,high,2026-06-30,74,19,0
C00773,74,Sueca,ecommerce,576.28,288.14,2,0,electric,low,2026-06-30,81,276,0
C00774,38,Carcaixent,ecommerce,1305.36,163.17,8,0.25,mountain,medium,2026-06-30,25,16,2
C00775,56,Carcaixent,store,,717.24,7,0,urban,low,2026-06-30,109,42,0
C00776,57,Alzira,ecommerce,326.88,108.96,3,0,mountain,high,2026-06-30,111,19,0
C00777,41,Carcaixent,ecommerce,64.35,64.35,1,0,urban,medium,2026-06-30,87,31,0
C00778,49,Tavernes,store,344.58,344.58,1,0,urban,high,2026-06-30,51,321,0
C00779,45,Tavernes,ecommerce,1310.84,327.71,4,0,mountain,low,2026-06-30,95,4,0
C00780,39,Carcaixent,store,1116.48,139.56,8,0,mountain,medium,2026-06-30,51,98,0
C00781,44,Oliva,ecommerce,1525.92,138.72,11,0,service,high,2026-06-30,101,2,0
C00782,42,Carcaixent,store,488.5,97.7,5,0,urban,low,2026-06-30,100,72,0
C00783,,Carcaixent,store,940.74,156.79,6,0.1667,urban,low,2026-06-30,106,9,1
C00784,53,Carcaixent,ecommerce,191.12,47.78,4,0.25,urban,medium,2026-06-30,108,1,1
C00785,53,Tavernes,store,2313.6,462.72,5,0,electric,high,2026-06-30,9,20,0
C00786,51,Oliva,ecommerce,1697,424.25,4,0,electric,low,2026-06-30,87,2,0
C00787,19,Gandia,store,103.7,103.7,1,0,urban,medium,2026-06-30,71,8,0
C00788,26,Oliva,ecommerce,1176.72,196.12,6,0.1667,urban,low,2026-06-30,55,1,1
C00789,35,Sueca,ecommerce,2178.69,726.23,3,0,electric,high,2026-06-30,30,103,0
C00790,31,Carcaixent,ecommerce,3983.6,796.72,5,0,mountain,medium,2026-06-30,26,3,0
C00791,36,Gandia,ecommerce,342.36,114.12,3,0.3333,mountain,low,2026-06-30,52,35,1
C00792,52,Oliva,ecommerce,2527.56,421.26,6,0,service,high,2026-06-30,84,129,0
C00793,46,Sueca,store,242.04,80.68,3,0,mountain,high,2026-06-30,105,119,0
C00794,43,Alzira,ecommerce,2014.2,167.85,12,0,electric,medium,2026-06-30,38,5,0
C00795,30,Carcaixent,store,479.01,159.67,3,0.3333,urban,medium,2026-06-30,105,50,1
C00796,57,Sueca,ecommerce,7225.08,1204.18,6,0,electric,low,2026-06-30,51,18,0
C00797,55,Alzira,store,1357.56,150.84,9,0,mountain,low,2026-06-30,53,77,0
C00798,39,Tavernes,ecommerce,434.4,86.88,5,0.2,urban,low,2026-06-30,8,22,1
C00799,43,Tavernes,store,1284.85,183.55,7,0.1429,urban,medium,2026-06-30,115,52,1
C00800,28,Alzira,store,325.44,40.68,8,0,mountain,low,2026-06-30,4,54,0
C00801,38,Sueca,ecommerce,428.1,142.7,3,0.3333,electric,low,2026-06-30,74,112,1
C00802,58,Carcaixent,ecommerce,6005.16,857.88,7,0.1429,mountain,low,2026-06-30,42,51,1
C00803,52,Carcaixent,store,3378.6,225.24,15,0.1333,mountain,medium,2026-06-30,72,1,2
C00804,61,Alzira,ecommerce,42.42,42.42,1,0,service,medium,2026-06-30,50,203,0
C00805,21,Tavernes,ecommerce,277.59,92.53,3,0,service,high,2026-06-30,86,127,0
C00806,38,Carcaixent,ecommerce,609.9,101.65,6,0,service,medium,2026-06-30,85,6,0
C00807,25,Sueca,ecommerce,2453.01,350.43,7,0,mountain,medium,2026-06-30,112,4,0
C00808,47,Tavernes,store,367.32,122.44,3,0.3333,urban,medium,2026-06-30,80,15,1
C00809,27,Sueca,store,558,69.75,8,0,mountain,medium,2026-06-30,120,,0
C00810,54,Oliva,store,403.12,100.78,4,0,mountain,low,2026-06-30,14,32,0
C00811,47,Gandia,ecommerce,226.64,226.64,1,0,service,high,2026-06-30,74,62,0
C00812,73,Carcaixent,ecommerce,303.64,151.82,2,0,service,high,2026-06-30,13,249,0
C00813,24,Gandia,store,896.28,81.48,11,0,mountain,medium,2026-06-30,110,9,0
C00814,49,Gandia,ecommerce,1546.8,154.68,10,0,electric,low,2026-06-30,31,13,0
C00815,40,Carcaixent,ecommerce,4108.08,684.68,6,0,mountain,low,2026-06-30,22,14,0
C00816,25,Tavernes,store,783.45,261.15,3,0,electric,medium,2026-06-30,24,140,0
C00817,58,Oliva,store,2898.39,263.49,11,0.1818,urban,high,2026-06-30,74,1,2
C00818,36,Carcaixent,ecommerce,1368.64,105.28,13,0,mountain,high,2026-06-30,60,21,0
C00819,57,Tavernes,ecommerce,1710.69,570.23,3,0.3333,mountain,medium,2026-06-30,28,364,1
C00820,41,Gandia,ecommerce,5341.91,763.13,7,0,electric,high,2026-06-30,31,119,0
C00821,35,Carcaixent,store,650.32,162.58,4,0,electric,low,2026-06-30,6,19,0
C00822,29,Oliva,ecommerce,1128.6,225.72,5,0,urban,low,2026-06-30,48,21,0
C00823,33,Oliva,store,4620.84,660.12,7,0,service,low,2026-06-30,18,141,0
C00824,54,Gandia,store,4996.11,713.73,7,0.1429,urban,medium,2026-06-30,72,8,1
C00825,38,Gandia,ecommerce,1417.08,354.27,4,0,mountain,low,2026-06-30,82,101,0
C00826,39,Alzira,ecommerce,307.76,38.47,8,0.125,urban,high,2026-06-30,84,4,1
C00827,49,Gandia,store,2321.55,464.31,5,0,electric,high,2026-06-30,14,112,0
C00828,38,Oliva,store,2045.2,255.65,8,0,mountain,low,2026-06-30,96,9,0
C00829,54,Alzira,store,7958.02,1136.86,7,0,service,medium,2026-06-30,65,11,0
C00830,54,Sueca,ecommerce,2718.32,339.79,8,0,service,low,2026-06-30,6,19,0
C00831,45,Carcaixent,ecommerce,3204.48,801.12,4,0,electric,high,2026-06-30,61,28,0
C00832,43,Oliva,ecommerce,353.4,88.35,4,0,service,high,2026-06-30,7,3,0
C00833,18,Sueca,store,2456.61,188.97,13,0,mountain,medium,2026-06-30,4,68,0
C00834,30,Oliva,ecommerce,2316.36,193.03,12,0.1667,service,medium,2026-06-30,114,22,2
C00835,40,Oliva,store,1442.48,180.31,8,0.125,mountain,high,2026-06-30,10,43,1
C00836,47,Carcaixent,ecommerce,5247.84,403.68,13,0.2308,electric,low,2026-06-30,78,82,3
C00837,62,Oliva,store,363.93,121.31,3,0,service,medium,2026-06-30,68,70,0
C00838,35,Oliva,store,4887.32,1221.83,4,0,service,medium,2026-06-30,49,6,0
C00839,42,Alzira,ecommerce,74.16,74.16,1,0,service,medium,2026-06-30,81,20,0
C00840,24,Alzira,store,179.6,35.92,5,0.2,mountain,low,2026-06-30,90,41,1
C00841,34,Oliva,store,180.9,60.3,3,0.3333,electric,low,2026-06-30,8,189,1
C00842,63,Tavernes,ecommerce,155.76,77.88,2,0,mountain,medium,2026-06-30,59,12,0
C00843,67,Oliva,store,1324.17,441.39,3,0,electric,medium,2026-06-30,96,272,0
C00844,50,Tavernes,ecommerce,4892.4,611.55,8,0.25,electric,medium,2026-06-30,30,31,2
C00845,21,Gandia,store,1962.21,654.07,3,0,electric,low,2026-06-30,80,78,0
C00846,38,Sueca,ecommerce,645.4,92.2,7,0.1429,urban,medium,2026-06-30,66,158,1
C00847,28,Oliva,ecommerce,357.45,119.15,3,0.3333,urban,medium,2026-06-30,50,83,1
C00848,35,Alzira,store,,581.67,6,0,electric,high,2026-06-30,78,18,0
C00849,60,Gandia,ecommerce,360.44,180.22,2,0,urban,medium,2026-06-30,16,71,0
C00850,30,Gandia,store,191.36,95.68,2,0,urban,medium,2026-06-30,32,173,0
C00851,28,Alzira,store,1204.24,150.53,8,0,urban,low,2026-06-30,79,23,0
C00852,18,Tavernes,store,1001.4,333.8,3,0,service,medium,2026-06-30,88,11,0
C00853,45,Tavernes,ecommerce,441.4,220.7,2,0,electric,high,2026-06-30,12,39,0
C00854,24,Carcaixent,store,1002,167,6,0.1667,urban,high,2026-06-30,17,27,1
C00855,45,Tavernes,store,141.35,141.35,1,0,urban,medium,2026-06-30,109,47,0
C00856,20,Alzira,ecommerce,334.1,66.82,5,0.2,electric,low,2026-06-30,54,139,1
C00857,39,Sueca,store,2767.16,251.56,11,0.0909,urban,medium,2026-06-30,94,0,1
C00858,34,Tavernes,ecommerce,1585.35,176.15,9,0,service,low,2026-06-30,67,22,0
C00859,26,Tavernes,store,1724.26,862.13,2,0,electric,low,2026-06-30,102,304,0
C00860,,Tavernes,ecommerce,4548,758,6,0,service,low,2026-06-30,30,137,0
C00861,43,Tavernes,store,286.35,95.45,3,0,electric,high,2026-06-30,85,260,0
C00862,51,Carcaixent,ecommerce,348.24,116.08,3,0,urban,high,2026-06-30,34,26,0
C00863,31,Alzira,ecommerce,2509.2,313.65,8,0,mountain,medium,2026-06-30,40,71,0
C00864,59,Tavernes,ecommerce,,392.94,8,0.25,service,high,2026-06-30,41,1,2
C00865,49,Carcaixent,ecommerce,135.27,45.09,3,0,urban,high,2026-06-30,4,112,0
C00866,28,Tavernes,ecommerce,8570.56,1071.32,8,0.25,electric,low,2026-06-30,39,2,2
C00867,37,Tavernes,ecommerce,1958.3,195.83,10,0.1,electric,low,2026-06-30,112,110,1
C00868,47,Alzira,store,1038.64,129.83,8,0.25,urban,medium,2026-06-30,89,17,2
C00869,41,Sueca,store,688.48,86.06,8,0,electric,medium,2026-06-30,34,29,0
C00870,66,Sueca,store,2109.36,191.76,11,0.0909,urban,medium,2026-06-30,79,66,1
C00871,44,Sueca,ecommerce,3460.48,1730.24,2,0,electric,medium,2026-06-30,48,364,0
C00872,60,Carcaixent,store,,235.37,5,0,service,low,2026-06-30,83,0,0
C00873,44,Sueca,ecommerce,254.52,84.84,3,0,urban,medium,2026-06-30,21,8,0
C00874,60,Gandia,store,353.91,117.97,3,0,mountain,medium,2026-06-30,108,87,0
C00875,57,Tavernes,ecommerce,543.6,90.6,6,0.1667,urban,medium,2026-06-30,35,95,1
C00876,33,Oliva,store,1302.08,162.76,8,0,urban,low,2026-06-30,10,58,0
C00877,63,Tavernes,store,,1106.53,4,0,electric,high,2026-06-30,37,201,0
C00878,35,Sueca,store,5091.38,727.34,7,0,electric,low,2026-06-30,23,16,0
C00879,54,Sueca,store,52.72,52.72,1,0,urban,high,2026-06-30,14,45,0
C00880,42,Gandia,ecommerce,299.58,49.93,6,0.1667,urban,medium,2026-06-30,63,69,1
C00881,46,Sueca,ecommerce,1626.84,180.76,9,0,urban,medium,2026-06-30,89,4,0
C00882,45,Sueca,store,187.68,93.84,2,0,electric,high,2026-06-30,10,280,0
C00883,54,Sueca,ecommerce,943.08,157.18,6,0,service,medium,2026-06-30,61,56,0
C00884,38,Sueca,ecommerce,102.7,102.7,1,0,mountain,low,2026-06-30,18,364,0
C00885,53,Carcaixent,store,1372.32,171.54,8,0,urban,low,2026-06-30,69,4,0
C00886,35,Tavernes,store,1236.35,247.27,5,0,mountain,low,2026-06-30,49,51,0
C00887,34,Gandia,ecommerce,3009.12,501.52,6,0,electric,medium,2026-06-30,108,181,0
C00888,42,Gandia,ecommerce,42.5,42.5,1,0,urban,high,2026-06-30,89,364,0
C00889,53,Oliva,store,7620,762,10,0,service,low,2026-06-30,19,36,0
C00890,36,Carcaixent,ecommerce,1499.94,166.66,9,0.1111,service,low,2026-06-30,53,19,1
C00891,31,Alzira,ecommerce,285.05,57.01,5,0.2,urban,medium,2026-06-30,32,75,1
C00892,39,Tavernes,store,822.44,411.22,2,0,electric,low,2026-06-30,77,92,0
C00893,53,Gandia,ecommerce,386.85,128.95,3,0.3333,service,high,2026-06-30,76,342,1
C00894,35,Carcaixent,ecommerce,1044.04,1044.04,1,0,urban,low,2026-06-30,41,128,0
C00895,72,Alzira,ecommerce,,66.45,3,0,service,low,2026-06-30,69,12,0
C00896,32,Oliva,store,2982.96,248.58,12,0.0833,electric,high,2026-06-30,89,20,1
C00897,30,Gandia,ecommerce,238.36,59.59,4,0,mountain,medium,2026-06-30,112,25,0
C00898,44,Gandia,ecommerce,4109.84,587.12,7,0.1429,service,medium,2026-06-30,42,17,1
C00899,32,Gandia,ecommerce,1421.82,157.98,9,0.1111,electric,high,2026-06-30,86,0,1
C00900,42,Carcaixent,ecommerce,786.17,112.31,7,0.1429,electric,low,2026-06-30,56,130,1
C00901,46,Gandia,ecommerce,2820.35,564.07,5,0,mountain,low,2026-06-30,77,18,0
C00902,36,Tavernes,ecommerce,2704.72,676.18,4,0,electric,low,2026-06-30,93,99,0
C00903,50,Sueca,store,3404.8,425.6,8,0,urban,low,2026-06-30,73,10,0
C00904,42,Tavernes,ecommerce,1571.65,314.33,5,0,mountain,low,2026-06-30,12,120,0
C00905,35,Oliva,ecommerce,309.2,154.6,2,0,urban,high,2026-06-30,22,334,0
C00906,53,Gandia,store,1688.67,187.63,9,0,service,low,2026-06-30,60,41,0
C00907,49,Gandia,store,616.5,205.5,3,0,electric,low,2026-06-30,67,38,0
C00908,47,Oliva,store,827.55,165.51,5,0,urban,medium,2026-06-30,80,86,0
C00909,37,Oliva,ecommerce,760.97,108.71,7,0.1429,mountain,high,2026-06-30,107,42,1
C00910,57,Sueca,store,386.28,96.57,4,0,urban,medium,2026-06-30,44,25,0
C00911,47,Oliva,ecommerce,1037.26,148.18,7,0,urban,low,2026-06-30,92,11,0
C00912,22,Oliva,store,377.32,94.33,4,0.25,service,high,2026-06-30,101,86,1
C00913,28,Tavernes,ecommerce,1457.4,121.45,12,0,urban,medium,2026-06-30,59,13,0
C00914,46,Carcaixent,store,1527.66,169.74,9,0.2222,mountain,medium,2026-06-30,47,14,2
C00915,55,Alzira,store,279.88,139.94,2,0,urban,medium,2026-06-30,52,11,0
C00916,29,Sueca,store,1212.24,151.53,8,0.125,mountain,low,2026-06-30,45,13,1
C00917,43,Alzira,store,145.34,72.67,2,0,urban,medium,2026-06-30,77,143,0
C00918,49,Tavernes,store,53.21,53.21,1,0,electric,high,2026-06-30,107,117,0
C00919,36,Alzira,store,680.22,113.37,6,0,urban,low,2026-06-30,67,45,0
C00920,56,Alzira,ecommerce,454.52,113.63,4,0.25,urban,low,2026-06-30,65,8,1
C00921,21,Tavernes,ecommerce,943.3,188.66,5,0,electric,high,2026-06-30,50,13,0
C00922,45,Alzira,ecommerce,182.76,60.92,3,0,electric,high,2026-06-30,101,27,0
C00923,35,Sueca,store,203.37,67.79,3,0,electric,medium,2026-06-30,113,180,0
C00924,55,Tavernes,ecommerce,328.4,164.2,2,0.5,urban,medium,2026-06-30,48,18,1
C00925,43,Tavernes,ecommerce,671.68,335.84,2,0,urban,low,2026-06-30,119,87,0
C00926,59,Carcaixent,ecommerce,2045.75,409.15,5,0,electric,medium,2026-06-30,25,51,0
C00927,61,Carcaixent,ecommerce,203.18,101.59,2,0,service,high,2026-06-30,118,364,0
C00928,62,Sueca,store,416.96,104.24,4,0,electric,medium,2026-06-30,28,155,0
C00929,44,Alzira,ecommerce,816.13,116.59,7,0,urban,medium,2026-06-30,110,116,0
C00930,,Gandia,store,478.4,95.68,5,0,urban,high,2026-06-30,5,32,0
C00931,44,Gandia,store,529.04,264.52,2,0,urban,low,2026-06-30,24,127,0
C00932,42,Carcaixent,ecommerce,257.34,85.78,3,0.3333,mountain,low,2026-06-30,31,270,1
C00933,30,Sueca,ecommerce,769.44,128.24,6,0.1667,electric,low,2026-06-30,101,16,1
C00934,32,Sueca,store,261.86,130.93,2,0,service,medium,2026-06-30,19,25,0
C00935,26,Sueca,ecommerce,532.85,106.57,5,0.2,electric,medium,2026-06-30,42,,1
C00936,50,Sueca,store,1370.52,152.28,9,0,electric,medium,2026-06-30,67,14,0
C00937,40,Alzira,ecommerce,535.14,89.19,6,0.1667,service,medium,2026-06-30,114,16,1
C00938,47,Carcaixent,ecommerce,491.05,98.21,5,0,urban,low,2026-06-30,101,6,0
C00939,66,Oliva,store,3008.52,1002.84,3,0,electric,low,2026-06-30,80,364,0
C00940,45,Tavernes,ecommerce,1405.81,200.83,7,0,mountain,low,2026-06-30,54,9,0
C00941,40,Gandia,ecommerce,374.88,187.44,2,0,service,low,2026-06-30,96,0,0
C00942,37,Sueca,store,2063.92,257.99,8,0.125,mountain,high,2026-06-30,44,10,1
C00943,35,Tavernes,store,350.22,58.37,6,0.3333,urban,high,2026-06-30,11,52,2
C00944,23,Tavernes,store,520.7,104.14,5,0.2,urban,high,2026-06-30,66,66,1
C00945,18,Oliva,store,1026,171,6,0,urban,low,2026-06-30,84,38,0
C00946,47,Carcaixent,store,2193.78,365.63,6,0,mountain,high,2026-06-30,116,12,0
C00947,31,Gandia,store,344.6,68.92,5,0.2,urban,medium,2026-06-30,23,12,1
C00948,33,Tavernes,ecommerce,239.08,59.77,4,0.25,urban,low,2026-06-30,108,8,1
C00949,53,Oliva,ecommerce,2797.35,559.47,5,0,mountain,medium,2026-06-30,77,126,0
C00950,28,Tavernes,store,2946.56,368.32,8,0,electric,medium,2026-06-30,11,11,0
C00951,26,Gandia,store,1931.43,643.81,3,0,urban,low,2026-06-30,118,117,0
C00952,50,Oliva,ecommerce,,99.84,1,0,service,low,2026-06-30,6,111,0
C00953,38,Alzira,ecommerce,874.56,145.76,6,0,urban,low,2026-06-30,55,3,0
C00954,39,Tavernes,store,4152.18,1384.06,3,0,urban,medium,2026-06-30,29,146,0
C00955,43,Gandia,store,72.08,72.08,1,0,urban,high,2026-06-30,6,168,0
C00956,52,Carcaixent,ecommerce,361.59,120.53,3,0,mountain,high,2026-06-30,40,77,0
C00957,48,Oliva,ecommerce,235.8,78.6,3,0,electric,medium,2026-06-30,84,42,0
C00958,18,Sueca,ecommerce,470.82,67.26,7,0,urban,low,2026-06-30,23,4,0
C00959,61,Oliva,store,1351.44,225.24,6,0,electric,medium,2026-06-30,13,110,0
C00960,48,Gandia,store,1234.08,205.68,6,0.3333,urban,low,2026-06-30,16,59,2
C00961,61,Carcaixent,store,403.6,80.72,5,0.2,service,high,2026-06-30,79,33,1
C00962,54,Carcaixent,ecommerce,3444.7,688.94,5,0,electric,low,2026-06-30,78,111,0
C00963,59,Oliva,store,4822.86,803.81,6,0.1667,electric,low,2026-06-30,53,211,1
C00964,48,Carcaixent,store,77.1,77.1,1,0,urban,high,2026-06-30,32,115,0
C00965,28,Tavernes,store,2570.67,856.89,3,0,electric,low,2026-06-30,44,14,0
C00966,66,Carcaixent,ecommerce,258.54,86.18,3,0,service,low,2026-06-30,101,5,0
C00967,55,Tavernes,ecommerce,1863.72,621.24,3,0,electric,low,2026-06-30,37,49,0
C00968,48,Oliva,ecommerce,2523.15,280.35,9,0.1111,electric,low,2026-06-30,96,11,1
C00969,56,Alzira,ecommerce,2604.42,868.14,3,0,urban,medium,2026-06-30,16,87,0
C00970,53,Alzira,store,5698.92,949.82,6,0,electric,low,2026-06-30,51,133,0
C00971,59,Sueca,ecommerce,1813.59,201.51,9,0,electric,low,2026-06-30,117,43,0
C00972,22,Sueca,store,1274.64,212.44,6,0,mountain,high,2026-06-30,4,48,0
C00973,38,Sueca,store,2133.54,237.06,9,0,mountain,medium,2026-06-30,47,6,0
C00974,56,Sueca,store,479.7,79.95,6,0.1667,mountain,low,2026-06-30,6,23,1
C00975,18,Sueca,ecommerce,1406,175.75,8,0,mountain,medium,2026-06-30,4,7,0
C00976,36,Oliva,store,1754.16,146.18,12,0.0833,mountain,low,2026-06-30,88,10,1
C00977,68,Sueca,ecommerce,345.2,69.04,5,0,service,high,2026-06-30,68,25,0
C00978,22,Sueca,ecommerce,1353.68,169.21,8,0.125,urban,low,2026-06-30,114,39,1
C00979,55,Carcaixent,store,355.44,177.72,2,0,service,medium,2026-06-30,105,364,0
C00980,30,Oliva,store,936.53,133.79,7,0,urban,high,2026-06-30,49,65,0
C00981,43,Oliva,ecommerce,1799.01,199.89,9,0,urban,low,2026-06-30,66,39,0
C00982,54,Gandia,store,4077,679.5,6,0,mountain,low,2026-06-30,79,21,0
C00983,48,Carcaixent,ecommerce,211.2,52.8,4,0,service,high,2026-06-30,115,129,0
C00984,29,Tavernes,ecommerce,2223.6,277.95,8,0.25,electric,medium,2026-06-30,101,15,2
C00985,39,Carcaixent,store,792.42,132.07,6,0,urban,high,2026-06-30,109,136,0
C00986,34,Tavernes,ecommerce,5120.96,640.12,8,0,electric,low,2026-06-30,57,55,0
C00987,45,Sueca,ecommerce,333.45,111.15,3,0,electric,medium,2026-06-30,81,196,0
C00988,55,Gandia,store,1460.6,146.06,10,0,electric,medium,2026-06-30,60,37,0
C00989,43,Gandia,store,,140.45,6,0.1667,mountain,high,2026-06-30,18,8,1
C00990,21,Gandia,ecommerce,2456.6,245.66,10,0.1,service,low,2026-06-30,116,47,1
C00991,29,Gandia,store,1166.83,166.69,7,0.1429,electric,low,2026-06-30,99,57,1
C00992,54,Gandia,ecommerce,743.12,92.89,8,0,mountain,high,2026-06-30,98,0,0
C00993,31,Carcaixent,ecommerce,429.44,107.36,4,0,urban,medium,2026-06-30,58,206,0
C00994,37,Carcaixent,store,367.32,122.44,3,0,service,high,2026-06-30,80,317,0
C00995,55,Sueca,ecommerce,1373.7,228.95,6,0,mountain,medium,2026-06-30,62,116,0
C00996,23,Sueca,ecommerce,429.85,85.97,5,0,mountain,low,2026-06-30,77,31,0
C00997,34,Oliva,ecommerce,112.78,56.39,2,0,urban,low,2026-06-30,43,93,0
C00998,53,Sueca,ecommerce,320.02,160.01,2,0.5,urban,low,2026-06-30,96,270,1
C00999,55,Oliva,ecommerce,1120.77,124.53,9,0,electric,low,2026-06-30,56,42,0
C01000,45,Oliva,ecommerce,440.23,62.89,7,0,urban,high,2026-06-30,32,12,0
C01001,56,Gandia,ecommerce,2549.33,364.19,7,0.1429,mountain,high,2026-06-30,85,28,1
C01002,31,Gandia,ecommerce,7913.46,1318.91,6,0,electric,medium,2026-06-30,98,163,0
C01003,42,Carcaixent,store,671.52,167.88,4,0,mountain,medium,2026-06-30,76,4,0
C01004,36,Oliva,store,199.12,49.78,4,0,urban,medium,2026-06-30,57,67,0
C01005,52,Sueca,store,1379.76,459.92,3,0,electric,medium,2026-06-30,83,115,0
C01006,59,Gandia,ecommerce,786.75,262.25,3,0,mountain,low,2026-06-30,33,7,0
C01007,59,Tavernes,ecommerce,2335.1,233.51,10,0.1,mountain,low,2026-06-30,23,43,1
C01008,49,Sueca,store,339.6,84.9,4,0,urban,low,2026-06-30,26,35,0
C01009,37,Gandia,ecommerce,2661.78,241.98,11,0.0909,electric,low,2026-06-30,55,97,1
C01010,53,Tavernes,ecommerce,1448.49,482.83,3,0,electric,low,2026-06-30,25,177,0
C01011,56,Gandia,store,148.6,148.6,1,0,mountain,high,2026-06-30,96,364,0
C01012,43,Alzira,store,92.4,92.4,1,0,service,low,2026-06-30,16,30,0
C01013,41,Sueca,ecommerce,4487.14,641.02,7,0,urban,high,2026-06-30,10,22,0
C01014,52,Alzira,ecommerce,143.8,71.9,2,0,mountain,low,2026-06-30,117,159,0
C01015,46,Alzira,store,589.92,98.32,6,0.1667,mountain,low,2026-06-30,88,194,1
C01016,52,Carcaixent,store,205.02,102.51,2,0.5,service,high,2026-06-30,41,364,1
C01017,45,Gandia,store,273.6,68.4,4,0,service,high,2026-06-30,54,74,0
C01018,41,Alzira,ecommerce,503,125.75,4,0,mountain,medium,2026-06-30,101,22,0
C01019,40,Alzira,ecommerce,81.73,81.73,1,0,service,low,2026-06-30,33,364,0
C01020,46,Oliva,ecommerce,114.33,114.33,1,0,urban,low,2026-06-30,19,364,0
C01021,72,Tavernes,store,39.39,39.39,1,0,service,low,2026-06-30,68,158,0
C01022,58,Sueca,ecommerce,1515.45,505.15,3,0.6667,electric,medium,2026-06-30,65,40,2
C01023,39,Alzira,store,340.83,113.61,3,0,service,medium,2026-06-30,120,51,0
C01024,49,Alzira,ecommerce,253.7,126.85,2,0.5,urban,low,2026-06-30,62,149,1
C01025,19,Carcaixent,store,1188.42,198.07,6,0,urban,medium,2026-06-30,51,15,0
C01026,46,Sueca,store,390.48,97.62,4,0,urban,high,2026-06-30,110,4,0
C01027,24,Oliva,store,79.79,79.79,1,0,mountain,low,2026-06-30,12,174,0
C01028,41,Carcaixent,ecommerce,1576.2,262.7,6,0.1667,electric,low,2026-06-30,69,14,1
C01029,32,Tavernes,ecommerce,2973.36,991.12,3,0,service,medium,2026-06-30,16,31,0
C01030,45,Oliva,ecommerce,5631.45,1126.29,5,0,electric,low,2026-06-30,38,162,0
C01031,51,Tavernes,ecommerce,1478.89,211.27,7,0,urban,low,2026-06-30,76,202,0
C01032,33,Oliva,store,2443.08,407.18,6,0.1667,mountain,medium,2026-06-30,4,112,1
C01033,57,Alzira,ecommerce,2872.26,1436.13,2,0,electric,medium,2026-06-30,100,245,0
C01034,43,Sueca,ecommerce,1710.99,190.11,9,0,electric,medium,2026-06-30,26,30,0
C01035,39,Alzira,ecommerce,6226.98,1037.83,6,0.1667,mountain,high,2026-06-30,6,57,1
C01036,52,Alzira,store,230.3,46.06,5,0.4,service,high,2026-06-30,87,0,2
C01037,42,Carcaixent,ecommerce,576.05,115.21,5,0,urban,medium,2026-06-30,104,118,0
C01038,46,Sueca,ecommerce,446.2,111.55,4,0,urban,low,2026-06-30,41,0,0
C01039,49,Alzira,ecommerce,751.55,150.31,5,0,urban,low,2026-06-30,50,214,0
C01040,62,Oliva,store,1327.27,189.61,7,0.2857,mountain,medium,2026-06-30,93,6,2
C01041,49,Alzira,store,4141.38,690.23,6,0,urban,low,2026-06-30,108,5,0
C01042,65,Carcaixent,store,40.72,40.72,1,0,service,high,2026-06-30,2,56,0
C01043,52,Oliva,store,3411.12,568.52,6,0,urban,low,2026-06-30,20,54,0
C01044,57,Oliva,ecommerce,639.6,106.6,6,0.1667,urban,low,2026-06-30,51,31,1
C01045,,Alzira,ecommerce,4389.42,731.57,6,0,electric,low,2026-06-30,26,141,0
C01046,39,Sueca,ecommerce,911.96,130.28,7,0.4286,mountain,medium,2026-06-30,69,58,3
C01047,47,Alzira,ecommerce,2315.61,210.51,11,0,mountain,medium,2026-06-30,17,13,0
C01048,60,Carcaixent,store,1117.92,279.48,4,0,electric,low,2026-06-30,69,43,0
C01049,53,Gandia,store,481.65,160.55,3,0,urban,high,2026-06-30,25,169,0
C01050,41,Gandia,store,553.52,50.32,11,0.0909,electric,high,2026-06-30,72,48,1
C01051,27,Sueca,store,218.14,218.14,1,0,urban,medium,2026-06-30,75,68,0
C01052,44,Carcaixent,store,3817.28,954.32,4,0,urban,medium,2026-06-30,39,1,0
C01053,39,Tavernes,ecommerce,803.52,401.76,2,0,electric,medium,2026-06-30,100,328,0
C01054,41,Alzira,ecommerce,2334.6,259.4,9,0.1111,service,medium,2026-06-30,112,14,1
C01055,51,Carcaixent,ecommerce,3432.65,686.53,5,0,urban,high,2026-06-30,116,56,0
C01056,51,Sueca,ecommerce,1524.08,190.51,8,0.125,urban,low,2026-06-30,2,4,1
C01057,58,Alzira,ecommerce,78.88,78.88,1,0,urban,high,2026-06-30,70,35,0
C01058,43,Oliva,ecommerce,182.76,91.38,2,0,service,medium,2026-06-30,117,28,0
C01059,22,Tavernes,ecommerce,3765.78,627.63,6,0,mountain,medium,2026-06-30,29,102,0
C01060,39,Sueca,store,1058.75,151.25,7,0,electric,high,2026-06-30,115,87,0
C01061,18,Tavernes,store,194.3,97.15,2,0,electric,low,2026-06-30,73,67,0
C01062,43,Tavernes,store,154.64,77.32,2,0,urban,low,2026-06-30,33,364,0
C01063,49,Oliva,store,513.38,73.34,7,0.2857,urban,medium,2026-06-30,6,48,2
C01064,31,Tavernes,store,395.76,131.92,3,0,electric,high,2026-06-30,8,22,0
C01065,39,Gandia,ecommerce,1326.29,189.47,7,0.2857,mountain,medium,2026-06-30,53,41,2
C01066,36,Gandia,store,1070.24,133.78,8,0.125,urban,medium,2026-06-30,94,14,1
C01067,18,Oliva,store,2959.4,295.94,10,0.1,mountain,medium,2026-06-30,115,35,1
C01068,37,Tavernes,ecommerce,117.62,58.81,2,0,service,high,2026-06-30,33,163,0
C01069,34,Gandia,ecommerce,471.99,157.33,3,0,service,low,2026-06-30,97,65,0
C01070,47,Oliva,store,1825.15,365.03,5,0,mountain,low,2026-06-30,19,90,0
C01071,67,Gandia,ecommerce,226.28,56.57,4,0.25,mountain,medium,2026-06-30,96,35,1
C01072,29,Gandia,ecommerce,6902.4,1150.4,6,0.1667,electric,low,2026-06-30,89,0,1
C01073,59,Alzira,store,389.7,129.9,3,0,urban,high,2026-06-30,118,159,0
C01074,44,Sueca,ecommerce,74.2,74.2,1,0,service,high,2026-06-30,111,131,0
C01075,48,Tavernes,ecommerce,435.42,72.57,6,0,urban,medium,2026-06-30,72,5,0
C01076,58,Alzira,store,3962.7,660.45,6,0,electric,high,2026-06-30,57,30,0
C01077,40,Alzira,store,604.84,151.21,4,0,service,medium,2026-06-30,63,190,0
C01078,61,Sueca,store,371.4,123.8,3,0,mountain,high,2026-06-30,19,71,0
C01079,52,Sueca,ecommerce,1382.96,172.87,8,0,service,low,2026-06-30,96,31,0
C01080,46,Sueca,ecommerce,725.34,103.62,7,0.4286,urban,medium,2026-06-30,5,68,3
C01081,54,Alzira,store,369.66,61.61,6,0.1667,service,low,2026-06-30,113,28,1
C01082,33,Gandia,store,563.67,563.67,1,0,mountain,low,2026-06-30,14,197,0
C01083,63,Tavernes,ecommerce,1044.5,104.45,10,0,urban,low,2026-06-30,45,44,0
C01084,48,Oliva,ecommerce,192.63,64.21,3,0,service,low,2026-06-30,111,53,0
C01085,37,Sueca,ecommerce,770.1,128.35,6,0.3333,mountain,low,2026-06-30,20,32,2
C01086,43,Tavernes,store,103.16,103.16,1,0,service,high,2026-06-30,102,194,0
C01087,61,Gandia,store,63.58,63.58,1,0,service,high,2026-06-30,63,55,0
C01088,57,Oliva,ecommerce,94.64,47.32,2,0,service,medium,2026-06-30,38,122,0
C01089,37,Oliva,store,632.48,158.12,4,0,urban,high,2026-06-30,49,20,0
C01090,32,Tavernes,store,3312.27,254.79,13,0,mountain,low,2026-06-30,5,35,0
C01091,57,Sueca,store,126.46,63.23,2,0,service,high,2026-06-30,115,0,0
C01092,53,Sueca,ecommerce,3228.12,538.02,6,0,urban,low,2026-06-30,101,46,0
C01093,51,Oliva,ecommerce,479.22,159.74,3,0,mountain,high,2026-06-30,2,56,0
C01094,36,Carcaixent,store,300.54,100.18,3,0,urban,high,2026-06-30,108,7,0
C01095,46,Tavernes,ecommerce,458.45,91.69,5,0.2,electric,medium,2026-06-30,67,0,1
C01096,30,Carcaixent,store,2932.1,293.21,10,0.1,mountain,high,2026-06-30,66,16,1
C01097,44,Tavernes,ecommerce,3585,239,15,0,urban,low,2026-06-30,77,71,0
C01098,48,Sueca,store,437.99,62.57,7,0.2857,electric,medium,2026-06-30,98,86,2
C01099,27,Alzira,ecommerce,741.6,82.4,9,0,electric,medium,2026-06-30,45,9,0
C01100,45,Carcaixent,store,3038.7,1012.9,3,0,electric,low,2026-06-30,25,15,0
C01101,42,Sueca,ecommerce,316.8,63.36,5,0.2,mountain,low,2026-06-30,7,31,1
C01102,41,Carcaixent,ecommerce,1963.3,196.33,10,0.1,mountain,medium,2026-06-30,32,6,1
C01103,41,Alzira,store,1185.96,296.49,4,0,electric,high,2026-06-30,98,364,0
C01104,51,Tavernes,ecommerce,11051.64,1227.96,9,0,electric,medium,2026-06-30,74,129,0
C01105,47,Gandia,store,1844.28,204.92,9,0.1111,service,high,2026-06-30,82,1,1
C01106,25,Sueca,ecommerce,,224.4,6,0,electric,low,2026-06-30,64,2,0
C01107,37,Oliva,ecommerce,838.56,139.76,6,0,urban,high,2026-06-30,106,19,0
C01108,47,Oliva,store,364.7,72.94,5,0,urban,high,2026-06-30,93,7,0
C01109,25,Tavernes,ecommerce,705.46,100.78,7,0.1429,mountain,low,2026-06-30,31,6,1
C01110,61,Tavernes,ecommerce,616.62,102.77,6,0.3333,urban,low,2026-06-30,14,48,2
C01111,58,Tavernes,ecommerce,375.08,93.77,4,0,mountain,high,2026-06-30,102,6,0
C01112,74,Oliva,store,11094.57,1232.73,9,0,mountain,medium,2026-06-30,32,21,0
C01113,30,Tavernes,ecommerce,80.85,80.85,1,0,urban,low,2026-06-30,118,6,0
C01114,49,Carcaixent,ecommerce,2109.8,191.8,11,0,mountain,high,2026-06-30,98,67,0
C01115,25,Carcaixent,ecommerce,4127.8,412.78,10,0.2,service,low,2026-06-30,9,23,2
C01116,49,Oliva,store,4416.96,1104.24,4,0.25,electric,medium,2026-06-30,18,34,1
C01117,50,Tavernes,ecommerce,,985.85,2,0,electric,medium,2026-06-30,43,52,0
C01118,26,Tavernes,store,381.54,63.59,6,0.1667,urban,high,2026-06-30,50,46,1
C01119,37,Alzira,ecommerce,1031.65,206.33,5,0.2,electric,medium,2026-06-30,16,13,1
C01120,38,Gandia,store,268.08,89.36,3,0,service,high,2026-06-30,24,5,0
C01121,54,Carcaixent,store,282.2,56.44,5,0.2,urban,medium,2026-06-30,41,25,1
C01122,45,Oliva,store,1080.9,108.09,10,0,electric,medium,2026-06-30,28,46,0
C01123,52,Alzira,store,925.56,154.26,6,0.1667,urban,medium,2026-06-30,70,46,1
C01124,55,Tavernes,ecommerce,276,138,2,0,mountain,low,2026-06-30,73,60,0
C01125,40,Carcaixent,ecommerce,793.52,113.36,7,0.1429,urban,medium,2026-06-30,14,,1
C01126,43,Tavernes,ecommerce,412.24,206.12,2,0.5,urban,medium,2026-06-30,2,56,1
C01127,38,Carcaixent,store,217.92,108.96,2,0,service,high,2026-06-30,88,111,0
C01128,30,Tavernes,store,2124.72,236.08,9,0,urban,high,2026-06-30,98,32,0
C01129,54,Oliva,store,1970.67,656.89,3,0,electric,low,2026-06-30,2,1,0
C01130,38,Gandia,ecommerce,650.28,108.38,6,0.1667,mountain,low,2026-06-30,86,150,1
C01131,39,Gandia,ecommerce,123.47,123.47,1,0,urban,high,2026-06-30,51,,0
C01132,58,Carcaixent,ecommerce,639.6,213.2,3,0,urban,medium,2026-06-30,101,15,0
C01133,28,Oliva,store,6059.5,605.95,10,0,electric,medium,2026-06-30,64,29,0
C01134,49,Gandia,store,11052.27,1228.03,9,0,urban,low,2026-06-30,108,43,0
C01135,49,Carcaixent,ecommerce,2195,439,5,0,mountain,medium,2026-06-30,49,77,0
C01136,60,Oliva,store,867.06,144.51,6,0,service,high,2026-06-30,99,2,0
C01137,23,Sueca,store,694.26,231.42,3,0.6667,electric,medium,2026-06-30,97,9,2
C01138,51,Alzira,ecommerce,180.74,90.37,2,0,mountain,high,2026-06-30,119,167,0
C01139,44,Carcaixent,ecommerce,3132.4,313.24,10,0.2,electric,medium,2026-06-30,16,44,2
C01140,63,Tavernes,ecommerce,150.87,50.29,3,0,service,medium,2026-06-30,63,274,0
C01141,46,Gandia,store,1223.76,611.88,2,0,electric,high,2026-06-30,29,6,0
C01142,19,Tavernes,ecommerce,191.7,63.9,3,0.3333,urban,high,2026-06-30,110,56,1
C01143,60,Sueca,store,230.01,230.01,1,0,mountain,medium,2026-06-30,16,136,0
C01144,47,Carcaixent,ecommerce,287.13,95.71,3,0.3333,mountain,low,2026-06-30,78,219,1
C01145,34,Gandia,store,833.21,119.03,7,0.4286,electric,medium,2026-06-30,55,86,3
C01146,33,Gandia,store,70.88,70.88,1,0,urban,medium,2026-06-30,8,132,0
C01147,43,Alzira,store,2236.92,372.82,6,0.1667,service,medium,2026-06-30,54,0,1
C01148,19,Tavernes,store,482.04,120.51,4,0.25,urban,medium,2026-06-30,66,81,1
C01149,49,Oliva,ecommerce,337.36,42.17,8,0.375,urban,low,2026-06-30,102,59,3
C01150,64,Alzira,store,257.28,85.76,3,0,service,medium,2026-06-30,14,85,0
C01151,28,Gandia,ecommerce,322.84,161.42,2,0,mountain,low,2026-06-30,54,61,0
C01152,21,Gandia,ecommerce,592.48,84.64,7,0.1429,urban,low,2026-06-30,99,15,1
C01153,68,Sueca,store,134.4,67.2,2,0,urban,medium,2026-06-30,98,185,0
C01154,43,Sueca,store,,188.04,9,0,electric,medium,2026-06-30,114,45,0
C01155,27,Oliva,store,408.3,136.1,3,0.3333,electric,low,2026-06-30,81,185,1
C01156,49,Alzira,ecommerce,535.66,535.66,1,0,electric,medium,2026-06-30,46,271,0
C01157,28,Alzira,store,192.18,64.06,3,0.3333,service,medium,2026-06-30,68,173,1
C01158,47,Oliva,store,1333.42,121.22,11,0,mountain,high,2026-06-30,62,32,0
C01159,65,Tavernes,ecommerce,6632.15,1326.43,5,0,electric,low,2026-06-30,40,23,0
C01160,64,Sueca,store,212.78,106.39,2,0,service,medium,2026-06-30,10,59,0
C01161,51,Gandia,store,709.65,141.93,5,0,service,high,2026-06-30,75,93,0
C01162,23,Gandia,store,1063.68,177.28,6,0.1667,service,low,2026-06-30,71,8,1
C01163,51,Oliva,store,751.84,93.98,8,0.125,urban,low,2026-06-30,78,0,1
C01164,36,Tavernes,ecommerce,342.04,85.51,4,0,urban,high,2026-06-30,65,7,0
C01165,31,Tavernes,ecommerce,828.31,118.33,7,0,electric,medium,2026-06-30,118,75,0
C01166,19,Gandia,ecommerce,969.5,138.5,7,0.1429,mountain,medium,2026-06-30,52,66,1
C01167,42,Gandia,ecommerce,412.56,68.76,6,0.1667,urban,low,2026-06-30,111,0,1
C01168,41,Tavernes,store,1721.59,132.43,13,0,urban,low,2026-06-30,17,39,0
C01169,43,Oliva,ecommerce,2733.28,170.83,16,0.0625,mountain,high,2026-06-30,35,11,1
C01170,50,Gandia,ecommerce,325.8,108.6,3,0,electric,low,2026-06-30,44,10,0
C01171,51,Tavernes,store,5248.56,656.07,8,0,electric,low,2026-06-30,42,29,0
C01172,52,Sueca,ecommerce,2058.72,171.56,12,0.0833,urban,medium,2026-06-30,115,69,1
C01173,49,Oliva,store,1242.63,138.07,9,0,electric,high,2026-06-30,85,106,0
C01174,27,Carcaixent,store,1025.88,256.47,4,0,electric,low,2026-06-30,16,54,0
C01175,32,Oliva,store,1962.54,327.09,6,0,electric,medium,2026-06-30,100,69,0
C01176,32,Gandia,ecommerce,712.08,178.02,4,0,urban,low,2026-06-30,11,7,0
C01177,72,Sueca,ecommerce,1950.3,390.06,5,0,mountain,low,2026-06-30,51,63,0
C01178,59,Oliva,ecommerce,51.73,51.73,1,0,service,high,2026-06-30,80,273,0
C01179,58,Tavernes,ecommerce,197.25,65.75,3,0,service,high,2026-06-30,101,6,0
C01180,79,Tavernes,ecommerce,321.9,107.3,3,0,service,medium,2026-06-30,66,27,0
C01181,18,Oliva,store,1455.03,161.67,9,0,electric,low,2026-06-30,53,14,0
C01182,37,Oliva,store,3811.2,635.2,6,0,electric,low,2026-06-30,104,171,0
C01183,23,Oliva,store,313.24,78.31,4,0.5,service,low,2026-06-30,98,32,2
C01184,50,Tavernes,ecommerce,207.56,103.78,2,0,service,medium,2026-06-30,25,89,0
C01185,40,Carcaixent,ecommerce,1475.6,184.45,8,0.125,urban,low,2026-06-30,17,1,1
C01186,40,Gandia,ecommerce,190.2,63.4,3,0,service,high,2026-06-30,86,10,0
C01187,44,Alzira,ecommerce,715.44,119.24,6,0,service,medium,2026-06-30,68,24,0
C01188,66,Tavernes,ecommerce,1825.25,260.75,7,0.1429,mountain,low,2026-06-30,93,69,1
C01189,50,Tavernes,store,104.78,104.78,1,0,urban,low,2026-06-30,120,130,0
C01190,47,Gandia,ecommerce,1838.22,612.74,3,0,service,medium,2026-06-30,84,119,0
C01191,22,Tavernes,ecommerce,2147.7,214.77,10,0.2,mountain,low,2026-06-30,99,12,2
C01192,39,Sueca,ecommerce,1987.8,397.56,5,0,mountain,high,2026-06-30,15,131,0
C01193,45,Alzira,store,1433.39,204.77,7,0,electric,high,2026-06-30,81,61,0
C01194,20,Sueca,ecommerce,459.42,76.57,6,0.1667,urban,low,2026-06-30,29,2,1
C01195,45,Oliva,ecommerce,1375.66,125.06,11,0,electric,medium,2026-06-30,43,59,0
C01196,54,Oliva,store,218.64,109.32,2,0,mountain,medium,2026-06-30,13,16,0
C01197,31,Carcaixent,ecommerce,1502.1,300.42,5,0,mountain,low,2026-06-30,100,64,0
C01198,47,Sueca,ecommerce,375.88,93.97,4,0,urban,high,2026-06-30,79,3,0
C01199,27,Oliva,store,1404.81,156.09,9,0,urban,medium,2026-06-30,76,28,0
C01200,27,Sueca,ecommerce,183.16,91.58,2,0,mountain,medium,2026-06-30,61,127,0
C01201,47,Gandia,ecommerce,3225.9,537.65,6,0.1667,electric,low,2026-06-30,35,70,1
C01202,33,Alzira,ecommerce,557.48,139.37,4,0,mountain,medium,2026-06-30,5,20,0
C01203,31,Carcaixent,store,4194.19,599.17,7,0.2857,electric,low,2026-06-30,106,3,2
C01204,62,Tavernes,store,1665.24,832.62,2,0,electric,high,2026-06-30,54,78,0
C01205,51,Sueca,store,171.12,85.56,2,0,mountain,medium,2026-06-30,93,232,0
C01206,79,Sueca,store,557.16,278.58,2,0,mountain,low,2026-06-30,29,244,0
C01207,38,Oliva,ecommerce,511.75,102.35,5,0.2,service,high,2026-06-30,4,17,1
C01208,42,Carcaixent,store,2312.31,210.21,11,0,mountain,low,2026-06-30,114,32,0
C01209,45,Oliva,ecommerce,81.4,81.4,1,0,mountain,high,2026-06-30,67,121,0
C01210,46,Tavernes,store,395.34,131.78,3,0,service,high,2026-06-30,97,30,0
C01211,25,Oliva,store,260.56,65.14,4,0,urban,medium,2026-06-30,82,139,0
C01212,29,Sueca,store,1521.96,126.83,12,0,urban,medium,2026-06-30,75,16,0
C01213,31,Sueca,ecommerce,240.3,80.1,3,0,urban,low,2026-06-30,78,8,0
C01214,62,Tavernes,ecommerce,491.16,81.86,6,0,mountain,medium,2026-06-30,57,42,0
C01215,51,Oliva,store,236.13,78.71,3,0,electric,high,2026-06-30,65,27,0
C01216,52,Oliva,ecommerce,498.75,99.75,5,0,service,medium,2026-06-30,66,53,0
C01217,40,Alzira,ecommerce,766.99,109.57,7,0.1429,mountain,low,2026-06-30,70,12,1
C01218,34,Sueca,ecommerce,265.41,88.47,3,0,electric,medium,2026-06-30,118,364,0
C01219,25,Carcaixent,ecommerce,1438.65,159.85,9,0,electric,low,2026-06-30,51,97,0
C01220,42,Tavernes,store,158,79,2,0,mountain,low,2026-06-30,46,318,0
C01221,55,Tavernes,store,60.01,60.01,1,0,mountain,medium,2026-06-30,30,18,0
C01222,38,Alzira,ecommerce,2310,770,3,0,urban,medium,2026-06-30,111,70,0
C01223,30,Alzira,ecommerce,364.71,121.57,3,0,urban,medium,2026-06-30,118,33,0
C01224,38,Carcaixent,store,212.49,70.83,3,0,electric,low,2026-06-30,72,42,0
C01225,34,Carcaixent,store,620.55,68.95,9,0.1111,electric,medium,2026-06-30,82,46,1
C01226,45,Gandia,ecommerce,1280.1,256.02,5,0,electric,low,2026-06-30,86,85,0
C01227,43,Carcaixent,store,6083.73,675.97,9,0,electric,medium,2026-06-30,110,1,0
C01228,45,Oliva,ecommerce,1647.92,205.99,8,0,urban,low,2026-06-30,83,25,0
C01229,38,Tavernes,ecommerce,613.2,122.64,5,0.2,urban,low,2026-06-30,76,43,1
C01230,68,Sueca,ecommerce,468.35,93.67,5,0,service,medium,2026-06-30,12,4,0
C01231,44,Tavernes,store,1058.73,352.91,3,0,service,medium,2026-06-30,90,59,0
C01232,45,Carcaixent,ecommerce,1196.8,119.68,10,0.1,service,low,2026-06-30,50,,1
C01233,47,Tavernes,store,2402.61,343.23,7,0.1429,service,medium,2026-06-30,7,107,1
C01234,40,Carcaixent,store,8394.6,1399.1,6,0,electric,high,2026-06-30,106,91,0
C01235,64,Gandia,store,336.78,168.39,2,0,urban,high,2026-06-30,21,19,0
C01236,41,Carcaixent,store,4051.36,506.42,8,0.25,electric,medium,2026-06-30,51,15,2
C01237,57,Alzira,store,,814.97,4,0,electric,medium,2026-06-30,2,1,0
C01238,58,Alzira,ecommerce,297.36,148.68,2,0,service,low,2026-06-30,43,72,0
C01239,42,Oliva,store,697.23,77.47,9,0.1111,mountain,high,2026-06-30,62,19,1
C01240,62,Carcaixent,ecommerce,,163.86,1,0,electric,medium,2026-06-30,42,29,0
C01241,36,Alzira,store,1753.14,584.38,3,0,mountain,medium,2026-06-30,88,30,0
C01242,58,Sueca,ecommerce,4774.2,795.7,6,0,electric,high,2026-06-30,41,94,0
C01243,59,Oliva,ecommerce,154.54,77.27,2,0,service,high,2026-06-30,28,25,0
C01244,51,Gandia,store,1483.11,164.79,9,0,mountain,low,2026-06-30,56,1,0
C01245,60,Tavernes,ecommerce,3585.35,717.07,5,0,electric,high,2026-06-30,22,16,0
C01246,45,Carcaixent,store,527.04,131.76,4,0,mountain,medium,2026-06-30,44,17,0
C01247,41,Tavernes,ecommerce,113.11,113.11,1,1,urban,medium,2026-06-30,108,89,1
C01248,21,Oliva,ecommerce,904.32,100.48,9,0,urban,medium,2026-06-30,91,119,0
C01249,48,Gandia,ecommerce,385.14,128.38,3,0,electric,high,2026-06-30,96,205,0
C01250,40,Carcaixent,ecommerce,5665.59,809.37,7,0,mountain,high,2026-06-30,15,15,0
C01251,48,Gandia,ecommerce,201.15,40.23,5,0.4,mountain,medium,2026-06-30,85,51,2
C01252,50,Gandia,store,103.5,103.5,1,0,electric,high,2026-06-30,33,86,0
C01253,36,Tavernes,ecommerce,2024.61,289.23,7,0.1429,mountain,low,2026-06-30,87,13,1
C01254,31,Oliva,ecommerce,905.05,181.01,5,0,urban,medium,2026-06-30,22,27,0
C01255,41,Carcaixent,store,226.86,75.62,3,0,mountain,medium,2026-06-30,2,0,0
C01256,34,Tavernes,store,904,90.4,10,0,mountain,high,2026-06-30,107,3,0
C01257,58,Sueca,store,86.36,43.18,2,0,service,high,2026-06-30,35,178,0
C01258,34,Oliva,ecommerce,,71.89,6,0,urban,low,2026-06-30,7,22,0
C01259,22,Oliva,ecommerce,495.52,123.88,4,0,urban,low,2026-06-30,106,71,0
C01260,42,Tavernes,ecommerce,600.6,100.1,6,0,service,high,2026-06-30,120,8,0
C01261,44,Sueca,ecommerce,523.92,130.98,4,0,mountain,medium,2026-06-30,109,151,0
C01262,,Oliva,ecommerce,829.8,138.3,6,0,mountain,medium,2026-06-30,41,18,0
C01263,47,Alzira,store,1349.1,149.9,9,0.1111,service,low,2026-06-30,85,35,1
C01264,40,Sueca,store,292.85,58.57,5,0,service,low,2026-06-30,86,60,0
C01265,60,Gandia,store,3019.2,603.84,5,0,mountain,medium,2026-06-30,43,53,0
C01266,53,Sueca,store,3677.7,367.77,10,0,urban,low,2026-06-30,76,72,0
C01267,63,Sueca,store,1134.12,567.06,2,0,electric,medium,2026-06-30,94,248,0
C01268,53,Sueca,ecommerce,1468.32,183.54,8,0,mountain,medium,2026-06-30,120,27,0
C01269,54,Gandia,store,1027.56,171.26,6,0,mountain,low,2026-06-30,86,0,0
C01270,33,Oliva,store,2847,284.7,10,0,mountain,low,2026-06-30,115,21,0
C01271,29,Carcaixent,store,81.06,81.06,1,0,service,medium,2026-06-30,91,32,0
C01272,47,Alzira,ecommerce,2910.09,970.03,3,0,electric,low,2026-06-30,59,188,0
C01273,42,Alzira,store,58.08,58.08,1,0,electric,low,2026-06-30,58,137,0
C01274,53,Oliva,store,235.68,58.92,4,0,service,low,2026-06-30,51,307,0
C01275,,Oliva,store,352.92,176.46,2,0.5,urban,low,2026-06-30,84,95,1
C01276,41,Sueca,ecommerce,3267.53,466.79,7,0,electric,medium,2026-06-30,117,37,0
C01277,26,Sueca,ecommerce,302.96,151.48,2,0,mountain,low,2026-06-30,86,23,0
C01278,54,Oliva,store,867.24,144.54,6,0,urban,medium,2026-06-30,10,66,0
C01279,40,Sueca,ecommerce,3907.4,976.85,4,0,electric,medium,2026-06-30,58,47,0
C01280,50,Alzira,ecommerce,192.42,64.14,3,0,urban,high,2026-06-30,101,28,0
C01281,28,Carcaixent,store,4219.85,843.97,5,0,electric,low,2026-06-30,8,9,0
C01282,26,Tavernes,ecommerce,722,144.4,5,0.4,urban,medium,2026-06-30,67,30,2
C01283,53,Gandia,store,601.56,100.26,6,0,urban,low,2026-06-30,107,,0
C01284,57,Gandia,ecommerce,209.7,104.85,2,0,service,medium,2026-06-30,42,364,0
C01285,49,Tavernes,ecommerce,3762.64,470.33,8,0,urban,low,2026-06-30,36,1,0
C01286,33,Sueca,ecommerce,144.14,72.07,2,0.5,electric,low,2026-06-30,86,47,1
C01287,61,Carcaixent,ecommerce,87.31,87.31,1,0,service,high,2026-06-30,26,92,0
C01288,61,Gandia,store,1218.78,609.39,2,0,electric,low,2026-06-30,100,128,0
C01289,,Gandia,store,339.12,169.56,2,0,urban,medium,2026-06-30,91,79,0
C01290,34,Oliva,ecommerce,186.8,46.7,4,0.5,mountain,high,2026-06-30,80,193,2
C01291,44,Carcaixent,store,277.35,92.45,3,0,urban,medium,2026-06-30,98,58,0
C01292,39,Alzira,ecommerce,3073.84,768.46,4,0,electric,medium,2026-06-30,63,172,0
C01293,49,Sueca,store,471.15,157.05,3,0,urban,high,2026-06-30,47,9,0
C01294,46,Carcaixent,store,3330.56,208.16,16,0.125,electric,medium,2026-06-30,37,16,2
C01295,45,Alzira,ecommerce,4837.95,967.59,5,0,mountain,medium,2026-06-30,5,69,0
C01296,29,Oliva,ecommerce,851.48,212.87,4,0,urban,medium,2026-06-30,113,96,0
C01297,58,Tavernes,store,3868.9,386.89,10,0,mountain,low,2026-06-30,11,0,0
C01298,33,Tavernes,ecommerce,7149.01,649.91,11,0.0909,electric,medium,2026-06-30,59,21,1
C01299,37,Alzira,ecommerce,523.32,87.22,6,0,mountain,high,2026-06-30,63,22,0
C01300,47,Tavernes,ecommerce,1112.88,139.11,8,0.125,electric,medium,2026-06-30,5,1,1
C01301,34,Carcaixent,store,1840.3,131.45,14,0,service,medium,2026-06-30,82,37,0
C01302,25,Tavernes,store,499.24,124.81,4,0,mountain,medium,2026-06-30,117,168,0
C01303,39,Oliva,ecommerce,975.95,195.19,5,0.2,electric,medium,2026-06-30,25,69,1
C01304,70,Tavernes,ecommerce,206.5,103.25,2,0,service,low,2026-06-30,18,39,0
C01305,27,Sueca,ecommerce,273.9,136.95,2,0.5,urban,low,2026-06-30,25,169,1
C01306,64,Gandia,ecommerce,630.45,126.09,5,0,service,high,2026-06-30,120,63,0
C01307,34,Oliva,store,1442.04,120.17,12,0,mountain,low,2026-06-30,33,1,0
C01308,63,Alzira,ecommerce,1270,127,10,0.1,mountain,high,2026-06-30,78,22,1
C01309,48,Alzira,store,955.36,119.42,8,0,electric,low,2026-06-30,61,2,0
C01310,41,Gandia,ecommerce,1380.26,197.18,7,0.1429,mountain,low,2026-06-30,49,139,1
C01311,60,Gandia,store,991.69,141.67,7,0.1429,mountain,high,2026-06-30,98,27,1
C01312,58,Tavernes,ecommerce,596.58,99.43,6,0,mountain,high,2026-06-30,8,88,0
C01313,37,Oliva,ecommerce,71.67,23.89,3,0,urban,medium,2026-06-30,70,277,0
C01314,51,Sueca,ecommerce,2203.08,200.28,11,0.0909,service,medium,2026-06-30,40,27,1
C01315,55,Oliva,ecommerce,3752.24,469.03,8,0,electric,medium,2026-06-30,35,96,0
C01316,21,Tavernes,store,341.54,170.77,2,0,service,high,2026-06-30,17,9,0
C01317,57,Carcaixent,ecommerce,100.74,33.58,3,0,mountain,low,2026-06-30,100,98,0
C01318,47,Oliva,store,1547.64,257.94,6,0,mountain,medium,2026-06-30,74,28,0
C01319,41,Sueca,ecommerce,2747.8,249.8,11,0.0909,mountain,high,2026-06-30,41,88,1
C01320,31,Sueca,store,1449.57,483.19,3,0,electric,medium,2026-06-30,18,8,0
C01321,54,Tavernes,store,6320.72,902.96,7,0,mountain,medium,2026-06-30,21,32,0
C01322,33,Alzira,store,262.32,65.58,4,0,urban,low,2026-06-30,120,10,0
C01323,34,Oliva,store,257.1,51.42,5,0.2,urban,medium,2026-06-30,83,58,1
C01324,25,Alzira,store,628.4,125.68,5,0,service,medium,2026-06-30,65,70,0
C01325,54,Oliva,ecommerce,1827.91,261.13,7,0.1429,electric,medium,2026-06-30,28,31,1
C01326,22,Alzira,store,1789.65,198.85,9,0,electric,medium,2026-06-30,73,66,0
C01327,43,Tavernes,ecommerce,134.79,44.93,3,0,urban,low,2026-06-30,67,29,0
C01328,43,Tavernes,store,272.64,68.16,4,0,mountain,high,2026-06-30,101,2,0
C01329,46,Alzira,ecommerce,1496.46,213.78,7,0,mountain,low,2026-06-30,56,6,0
C01330,18,Gandia,store,5257.86,876.31,6,0,electric,medium,2026-06-30,32,36,0
C01331,53,Oliva,store,210.42,105.21,2,0,urban,low,2026-06-30,59,60,0
C01332,45,Tavernes,store,1799.2,224.9,8,0,electric,medium,2026-06-30,14,27,0
C01333,51,Gandia,store,603.1,120.62,5,0,urban,high,2026-06-30,78,92,0
C01334,20,Tavernes,ecommerce,336.15,67.23,5,0,mountain,high,2026-06-30,114,197,0
C01335,41,Sueca,ecommerce,1357.89,452.63,3,0,mountain,high,2026-06-30,102,80,0
C01336,52,Gandia,store,1560.7,156.07,10,0,electric,high,2026-06-30,108,8,0
C01337,43,Alzira,ecommerce,4418.24,552.28,8,0,mountain,medium,2026-06-30,60,54,0
C01338,50,Alzira,ecommerce,294.03,98.01,3,0,mountain,low,2026-06-30,98,100,0
C01339,49,Carcaixent,ecommerce,105.31,105.31,1,0,mountain,low,2026-06-30,58,222,0
C01340,34,Carcaixent,store,289.95,57.99,5,0,urban,low,2026-06-30,68,14,0
C01341,54,Carcaixent,ecommerce,857.76,142.96,6,0.1667,electric,low,2026-06-30,83,91,1
C01342,44,Sueca,ecommerce,174.32,87.16,2,0,service,high,2026-06-30,54,56,0
C01343,58,Tavernes,ecommerce,1274.65,98.05,13,0.0769,mountain,medium,2026-06-30,32,56,1
C01344,47,Carcaixent,ecommerce,446.58,74.43,6,0,urban,medium,2026-06-30,8,50,0
C01345,33,Sueca,store,473.1,94.62,5,0,urban,low,2026-06-30,114,43,0
C01346,30,Gandia,ecommerce,156.96,78.48,2,0,urban,medium,2026-06-30,45,169,0
C01347,46,Oliva,ecommerce,3371.9,674.38,5,0,service,low,2026-06-30,36,16,0
C01348,79,Tavernes,store,2558.64,426.44,6,0,service,medium,2026-06-30,37,44,0
C01349,62,Gandia,ecommerce,3236.85,647.37,5,0,mountain,medium,2026-06-30,100,65,0
C01350,44,Carcaixent,ecommerce,138.92,138.92,1,0,urban,high,2026-06-30,78,343,0
C01351,53,Carcaixent,store,1353.3,135.33,10,0,mountain,medium,2026-06-30,6,4,0
C01352,43,Tavernes,ecommerce,344.04,114.68,3,0,urban,high,2026-06-30,52,110,0
C01353,40,Gandia,ecommerce,4807.75,961.55,5,0,electric,medium,2026-06-30,105,196,0
C01354,48,Alzira,ecommerce,1186.56,395.52,3,0,electric,medium,2026-06-30,27,67,0
C01355,42,Sueca,ecommerce,2681.76,335.22,8,0,electric,low,2026-06-30,13,41,0
C01356,46,Sueca,ecommerce,,33.91,3,0,service,high,2026-06-30,88,65,0
C01357,59,Gandia,store,3788.55,757.71,5,0,electric,medium,2026-06-30,83,16,0
C01358,47,Gandia,store,1179.6,117.96,10,0.1,mountain,low,2026-06-30,6,39,1
C01359,29,Gandia,ecommerce,1081.2,180.2,6,0,mountain,high,2026-06-30,21,13,0
C01360,55,Oliva,store,9322.74,1553.79,6,0,urban,medium,2026-06-30,46,5,0
C01361,28,Oliva,ecommerce,1430.4,238.4,6,0.1667,urban,low,2026-06-30,71,27,1
C01362,26,Sueca,ecommerce,882.16,110.27,8,0,electric,medium,2026-06-30,102,34,0
C01363,48,Alzira,store,863.38,123.34,7,0,mountain,low,2026-06-30,42,32,0
C01364,59,Alzira,store,2185.6,546.4,4,0,electric,high,2026-06-30,89,91,0
C01365,41,Carcaixent,store,149.42,74.71,2,0.5,service,medium,2026-06-30,115,11,1
C01366,41,Carcaixent,ecommerce,514.5,73.5,7,0.1429,urban,high,2026-06-30,71,39,1
C01367,56,Gandia,ecommerce,112.86,56.43,2,0,mountain,low,2026-06-30,54,137,0
C01368,41,Tavernes,store,127.4,127.4,1,0,service,high,2026-06-30,88,27,0
C01369,57,Gandia,ecommerce,768.56,96.07,8,0,urban,medium,2026-06-30,19,82,0
C01370,51,Tavernes,ecommerce,1037.04,172.84,6,0.1667,mountain,low,2026-06-30,112,35,1
C01371,61,Carcaixent,ecommerce,5491.32,915.22,6,0.1667,electric,medium,2026-06-30,22,11,1
C01372,,Tavernes,store,90.16,90.16,1,0,service,medium,2026-06-30,82,120,0
C01373,37,Oliva,store,3482.44,870.61,4,0,urban,medium,2026-06-30,108,102,0
C01374,27,Sueca,store,1836.8,229.6,8,0,electric,medium,2026-06-30,50,93,0
C01375,59,Sueca,ecommerce,1241.59,177.37,7,0,urban,low,2026-06-30,38,61,0
C01376,26,Sueca,store,3236.96,404.62,8,0,mountain,high,2026-06-30,46,1,0
C01377,54,Sueca,ecommerce,2605.84,325.73,8,0,mountain,medium,2026-06-30,58,39,0
C01378,32,Alzira,ecommerce,1186.2,131.8,9,0,electric,low,2026-06-30,51,14,0
C01379,38,Gandia,ecommerce,387.06,129.02,3,0,urban,medium,2026-06-30,113,64,0
C01380,,Gandia,store,379.26,126.42,3,0,urban,medium,2026-06-30,42,32,0
C01381,18,Gandia,store,2694.72,224.56,12,0,mountain,medium,2026-06-30,13,14,0
C01382,26,Tavernes,store,301.32,75.33,4,0,service,medium,2026-06-30,69,29,0
C01383,49,Alzira,ecommerce,1906.2,190.62,10,0.1,mountain,medium,2026-06-30,65,36,1
C01384,36,Gandia,store,2602.48,650.62,4,0,service,medium,2026-06-30,79,19,0
C01385,51,Gandia,ecommerce,2156.22,239.58,9,0,urban,high,2026-06-30,50,39,0
C01386,46,Gandia,ecommerce,54.04,54.04,1,0,mountain,high,2026-06-30,5,42,0
C01387,54,Alzira,ecommerce,48.14,48.14,1,0,service,medium,2026-06-30,90,60,0
C01388,78,Sueca,ecommerce,1094.96,136.87,8,0,urban,low,2026-06-30,6,61,0
C01389,60,Alzira,ecommerce,83.75,83.75,1,0,mountain,high,2026-06-30,92,364,0
C01390,29,Tavernes,store,86.4,86.4,1,0,mountain,low,2026-06-30,21,138,0
C01391,42,Carcaixent,ecommerce,151.04,75.52,2,0,mountain,medium,2026-06-30,84,84,0
C01392,59,Oliva,store,285.55,57.11,5,0,mountain,low,2026-06-30,3,8,0
C01393,35,Carcaixent,ecommerce,2008.08,251.01,8,0,electric,medium,2026-06-30,34,246,0
C01394,40,Carcaixent,ecommerce,368.97,122.99,3,0,service,medium,2026-06-30,85,158,0
C01395,55,Sueca,ecommerce,2101.85,420.37,5,0,electric,low,2026-06-30,90,0,0
C01396,52,Carcaixent,store,3390.6,565.1,6,0,electric,low,2026-06-30,108,60,0
C01397,45,Gandia,ecommerce,4049.52,506.19,8,0,electric,low,2026-06-30,37,77,0
C01398,18,Sueca,ecommerce,175.02,87.51,2,0,urban,high,2026-06-30,95,83,0
C01399,47,Gandia,ecommerce,1573.04,196.63,8,0.125,electric,high,2026-06-30,3,3,1
C01400,48,Alzira,store,107.07,107.07,1,0,electric,high,2026-06-30,10,156,0
C01401,54,Oliva,ecommerce,4365.9,623.7,7,0,mountain,medium,2026-06-30,29,44,0
C01402,51,Alzira,ecommerce,458.7,76.45,6,0.1667,service,medium,2026-06-30,61,54,1
C01403,24,Carcaixent,ecommerce,574.2,95.7,6,0.1667,urban,low,2026-06-30,12,75,1
C01404,58,Oliva,ecommerce,1312.3,262.46,5,0,mountain,low,2026-06-30,82,235,0
C01405,39,Carcaixent,ecommerce,517.14,86.19,6,0,mountain,high,2026-06-30,18,53,0
C01406,47,Sueca,ecommerce,414.9,82.98,5,0.2,urban,low,2026-06-30,37,100,1
C01407,50,Gandia,ecommerce,4321.45,864.29,5,0,electric,high,2026-06-30,85,46,0
C01408,41,Gandia,ecommerce,701.12,87.64,8,0,urban,high,2026-06-30,84,12,0
C01409,49,Gandia,ecommerce,796.88,199.22,4,0.25,electric,high,2026-06-30,119,67,1
C01410,67,Alzira,store,4493.6,1123.4,4,0.25,mountain,medium,2026-06-30,15,27,1
C01411,36,Alzira,ecommerce,147.72,49.24,3,0,urban,low,2026-06-30,36,146,0
C01412,37,Tavernes,ecommerce,158.16,52.72,3,0,urban,high,2026-06-30,103,15,0
C01413,62,Carcaixent,store,1162.8,116.28,10,0.1,electric,high,2026-06-30,50,30,1
C01414,63,Sueca,ecommerce,896.08,112.01,8,0.125,mountain,medium,2026-06-30,105,81,1
C01415,35,Alzira,ecommerce,1009,201.8,5,0.2,urban,high,2026-06-30,8,53,1
C01416,50,Gandia,store,1064.28,177.38,6,0,urban,low,2026-06-30,107,26,0
C01417,42,Sueca,ecommerce,221.64,110.82,2,0,electric,low,2026-06-30,8,33,0
C01418,52,Gandia,store,328.84,82.21,4,0,service,medium,2026-06-30,34,161,0
C01419,36,Sueca,ecommerce,2252.92,563.23,4,0,electric,medium,2026-06-30,56,58,0
C01420,64,Oliva,ecommerce,1814.37,604.79,3,0,electric,medium,2026-06-30,120,109,0
C01421,18,Carcaixent,store,2840.96,355.12,8,0,electric,medium,2026-06-30,20,5,0
C01422,35,Carcaixent,ecommerce,1710.1,171.01,10,0.2,mountain,high,2026-06-30,31,33,2
C01423,38,Sueca,store,4138.98,689.83,6,0,mountain,medium,2026-06-30,25,29,0
C01424,38,Carcaixent,store,586.72,146.68,4,0,mountain,low,2026-06-30,70,144,0
C01425,23,Carcaixent,ecommerce,3054.3,305.43,10,0.1,service,medium,2026-06-30,92,83,1
C01426,60,Gandia,store,99.83,99.83,1,0,electric,medium,2026-06-30,12,52,0
C01427,38,Alzira,ecommerce,2940.63,267.33,11,0.0909,service,medium,2026-06-30,47,39,1
C01428,63,Oliva,store,1048.36,262.09,4,0,urban,medium,2026-06-30,16,56,0
C01429,,Oliva,store,176.56,88.28,2,0,mountain,high,2026-06-30,62,133,0
C01430,44,Alzira,ecommerce,295.16,147.58,2,0,urban,medium,2026-06-30,116,157,0
C01431,22,Carcaixent,ecommerce,636,127.2,5,0,urban,medium,2026-06-30,86,8,0
C01432,39,Carcaixent,ecommerce,1764.2,352.84,5,0.2,mountain,high,2026-06-30,101,57,1
C01433,43,Gandia,ecommerce,620.31,206.77,3,0.3333,service,high,2026-06-30,56,27,1
C01434,57,Alzira,store,130.95,43.65,3,0,electric,high,2026-06-30,36,0,0
C01435,49,Gandia,ecommerce,93.5,93.5,1,0,service,low,2026-06-30,62,364,0
C01436,45,Carcaixent,store,465.2,93.04,5,0,service,high,2026-06-30,7,3,0
C01437,43,Sueca,ecommerce,413.18,206.59,2,0,urban,low,2026-06-30,70,88,0
C01438,47,Oliva,ecommerce,248.16,82.72,3,0,mountain,high,2026-06-30,9,44,0
C01439,48,Sueca,store,728.4,145.68,5,0,mountain,medium,2026-06-30,117,56,0
C01440,45,Alzira,store,572.75,114.55,5,0.2,urban,medium,2026-06-30,112,41,1
C01441,40,Oliva,ecommerce,394.05,131.35,3,0,service,high,2026-06-30,39,21,0
C01442,38,Oliva,ecommerce,273.54,91.18,3,0,service,medium,2026-06-30,120,105,0
C01443,37,Oliva,ecommerce,635.2,127.04,5,0,service,high,2026-06-30,19,48,0
C01444,64,Carcaixent,store,616.68,154.17,4,0,service,medium,2026-06-30,59,192,0
C01445,32,Gandia,store,117.03,117.03,1,0,mountain,medium,2026-06-30,56,38,0
C01446,18,Carcaixent,store,2035.62,226.18,9,0,mountain,medium,2026-06-30,103,29,0
C01447,62,Carcaixent,ecommerce,597.08,149.27,4,0,electric,low,2026-06-30,113,4,0
C01448,37,Sueca,store,1760.85,195.65,9,0,electric,medium,2026-06-30,115,42,0
C01449,37,Alzira,ecommerce,1316.48,164.56,8,0,urban,low,2026-06-30,28,1,0
C01450,55,Oliva,ecommerce,1461.79,132.89,11,0,urban,medium,2026-06-30,13,6,0
C01451,47,Gandia,ecommerce,321.84,107.28,3,0.3333,service,medium,2026-06-30,28,3,1
C01452,42,Sueca,ecommerce,200.37,66.79,3,0,urban,high,2026-06-30,62,0,0
C01453,50,Tavernes,ecommerce,1900.08,475.02,4,0,service,low,2026-06-30,60,17,0
C01454,58,Gandia,ecommerce,111.39,37.13,3,0,electric,medium,2026-06-30,41,259,0
C01455,26,Oliva,store,684.36,76.04,9,0.2222,mountain,high,2026-06-30,81,67,2
C01456,48,Carcaixent,ecommerce,6381.48,911.64,7,0,electric,low,2026-06-30,84,80,0
C01457,42,Alzira,store,393.06,65.51,6,0,urban,medium,2026-06-30,62,190,0
C01458,58,Tavernes,ecommerce,386.8,96.7,4,0,urban,high,2026-06-30,11,55,0
C01459,44,Gandia,ecommerce,913.5,304.5,3,0,electric,low,2026-06-30,3,25,0
C01460,52,Alzira,store,756.21,108.03,7,0.2857,urban,medium,2026-06-30,69,61,2
C01461,43,Tavernes,ecommerce,548.36,137.09,4,0,urban,high,2026-06-30,55,18,0
C01462,74,Carcaixent,store,564.6,188.2,3,0,service,medium,2026-06-30,50,278,0
C01463,49,Gandia,ecommerce,111.11,111.11,1,0,mountain,low,2026-06-30,54,210,0
C01464,79,Gandia,store,4781.34,531.26,9,0,mountain,high,2026-06-30,82,7,0
C01465,64,Carcaixent,ecommerce,2832.52,1416.26,2,0,electric,low,2026-06-30,83,48,0
C01466,35,Sueca,ecommerce,867.1,173.42,5,0,mountain,high,2026-06-30,118,134,0
C01467,49,Tavernes,ecommerce,417,83.4,5,0,urban,high,2026-06-30,110,40,0
C01468,45,Gandia,store,412.6,103.15,4,0,service,high,2026-06-30,94,45,0
C01469,28,Gandia,ecommerce,677,135.4,5,0.2,mountain,low,2026-06-30,103,29,1
C01470,25,Carcaixent,store,442.4,88.48,5,0,service,low,2026-06-30,6,49,0
C01471,66,Carcaixent,store,2224.67,317.81,7,0.1429,mountain,low,2026-06-30,81,144,1
C01472,41,Tavernes,store,1745.5,174.55,10,0.2,mountain,low,2026-06-30,65,15,2
C01473,45,Sueca,ecommerce,2193.76,274.22,8,0.125,urban,medium,2026-06-30,120,2,1
C01474,54,Sueca,store,263.19,87.73,3,0.3333,urban,medium,2026-06-30,66,81,1
C01475,53,Sueca,store,103.5,103.5,1,0,service,medium,2026-06-30,94,75,0
C01476,49,Carcaixent,ecommerce,742,92.75,8,0,urban,high,2026-06-30,72,17,0
C01477,35,Carcaixent,ecommerce,964.32,120.54,8,0.125,mountain,medium,2026-06-30,110,6,1
C01478,33,Gandia,store,438.9,146.3,3,0,urban,medium,2026-06-30,39,22,0
C01479,41,Oliva,ecommerce,1361.03,123.73,11,0,mountain,medium,2026-06-30,33,2,0
C01480,37,Carcaixent,ecommerce,342.96,114.32,3,0,urban,medium,2026-06-30,99,319,0
C01481,32,Carcaixent,ecommerce,2189.85,168.45,13,0.1538,electric,medium,2026-06-30,77,8,2
C01482,39,Alzira,ecommerce,169.76,84.88,2,0,service,medium,2026-06-30,13,2,0
C01483,54,Sueca,store,349.24,87.31,4,0,electric,medium,2026-06-30,76,144,0
C01484,44,Alzira,ecommerce,881.88,220.47,4,0,urban,high,2026-06-30,80,74,0
C01485,52,Gandia,ecommerce,246.86,123.43,2,0,urban,medium,2026-06-30,65,155,0
C01486,52,Gandia,ecommerce,296.52,148.26,2,0,electric,medium,2026-06-30,111,45,0
C01487,34,Oliva,ecommerce,473.24,236.62,2,0,mountain,medium,2026-06-30,50,357,0
C01488,38,Alzira,ecommerce,5517.33,788.19,7,0.1429,electric,low,2026-06-30,90,24,1
C01489,42,Gandia,ecommerce,116.36,116.36,1,0,electric,medium,2026-06-30,111,70,0
C01490,30,Carcaixent,ecommerce,2784.2,696.05,4,0,electric,low,2026-06-30,52,46,0
C01491,58,Gandia,store,458.75,91.75,5,0.4,service,low,2026-06-30,106,4,2
C01492,58,Sueca,ecommerce,937.76,468.88,2,0,urban,low,2026-06-30,16,139,0
C01493,28,Oliva,store,822.84,205.71,4,0.25,urban,medium,2026-06-30,74,53,1
C01494,53,Oliva,store,126.5,126.5,1,0,service,high,2026-06-30,116,167,0
C01495,51,Sueca,store,1245.86,177.98,7,0.1429,mountain,high,2026-06-30,69,11,1
C01496,29,Gandia,ecommerce,145.55,145.55,1,0,service,low,2026-06-30,120,240,0
C01497,30,Alzira,ecommerce,2096.22,299.46,7,0.1429,electric,low,2026-06-30,45,13,1
C01498,34,Oliva,ecommerce,1574.24,787.12,2,0.5,electric,low,2026-06-30,90,11,1
C01499,45,Oliva,store,276.36,69.09,4,0,service,low,2026-06-30,84,22,0
C01500,35,Carcaixent,ecommerce,409.4,81.88,5,0,urban,low,2026-06-30,64,107,0
C01501,25,Alzira,ecommerce,241.08,120.54,2,0,service,low,2026-06-30,119,29,0
C01502,43,Tavernes,ecommerce,408.08,102.02,4,0,urban,low,2026-06-30,29,224,0
C01503,34,Oliva,ecommerce,3178.56,529.76,6,0,mountain,high,2026-06-30,102,3,0
C01504,30,Carcaixent,store,153.51,51.17,3,0,urban,low,2026-06-30,75,30,0
C01505,34,Oliva,store,3876.6,323.05,12,0.25,mountain,low,2026-06-30,15,51,3
C01506,25,Sueca,store,81.49,81.49,1,1,mountain,high,2026-06-30,59,177,1
C01507,46,Tavernes,store,1038.03,148.29,7,0,mountain,high,2026-06-30,80,15,0
C01508,50,Oliva,ecommerce,7016.76,1754.19,4,0,urban,high,2026-06-30,43,44,0
C01509,54,Tavernes,store,404.22,202.11,2,0,service,low,2026-06-30,4,44,0
C01510,57,Gandia,store,5157.25,736.75,7,0,mountain,medium,2026-06-30,50,16,0
C01511,41,Oliva,ecommerce,521.44,130.36,4,0,urban,low,2026-06-30,42,30,0
C01512,31,Gandia,store,206.61,68.87,3,0,mountain,medium,2026-06-30,35,283,0
C01513,56,Oliva,ecommerce,2193.93,243.77,9,0.2222,service,medium,2026-06-30,96,10,2
C01514,63,Tavernes,store,1718.31,156.21,11,0,urban,medium,2026-06-30,69,78,0
C01515,42,Alzira,store,224.58,74.86,3,0,urban,medium,2026-06-30,6,168,0
C01516,39,Sueca,ecommerce,6164.8,616.48,10,0,electric,low,2026-06-30,115,16,0
C01517,36,Oliva,store,529.26,88.21,6,0,service,low,2026-06-30,110,192,0
C01518,33,Alzira,ecommerce,718.7,71.87,10,0,mountain,medium,2026-06-30,109,37,0
C01519,23,Carcaixent,ecommerce,2626.13,202.01,13,0,mountain,low,2026-06-30,101,15,0
C01520,50,Gandia,ecommerce,546.93,182.31,3,0,urban,low,2026-06-30,70,82,0
C01521,48,Gandia,ecommerce,1722.66,574.22,3,0,electric,low,2026-06-30,32,72,0
C01522,43,Alzira,store,604.12,151.03,4,0,mountain,low,2026-06-30,43,32,0
C01523,51,Oliva,store,3801.2,950.3,4,0,mountain,low,2026-06-30,48,47,0
C01524,54,Alzira,store,502.8,251.4,2,0,electric,medium,2026-06-30,58,24,0
C01525,50,Tavernes,store,4958.46,826.41,6,0,electric,medium,2026-06-30,10,280,0
C01526,41,Carcaixent,ecommerce,797.12,199.28,4,0.25,mountain,medium,2026-06-30,70,95,1
C01527,36,Carcaixent,store,,122.82,9,0.1111,mountain,high,2026-06-30,83,5,1
C01528,54,Oliva,ecommerce,3105.48,517.58,6,0.1667,electric,medium,2026-06-30,19,33,1
C01529,36,Oliva,store,1871.21,170.11,11,0,electric,medium,2026-06-30,83,2,0
C01530,50,Sueca,store,868.28,124.04,7,0.1429,mountain,medium,2026-06-30,74,133,1
C01531,39,Oliva,ecommerce,255.65,51.13,5,0,urban,medium,2026-06-30,67,24,0
C01532,43,Carcaixent,ecommerce,4375.4,875.08,5,0,electric,medium,2026-06-30,102,1,0
C01533,50,Tavernes,ecommerce,751.8,150.36,5,0.2,mountain,low,2026-06-30,29,3,1
C01534,54,Tavernes,store,1528.95,305.79,5,0.2,urban,high,2026-06-30,89,87,1
C01535,47,Alzira,ecommerce,590.95,118.19,5,0,mountain,low,2026-06-30,91,44,0
C01536,34,Tavernes,ecommerce,690.7,138.14,5,0.2,urban,low,2026-06-30,71,2,1
C01537,21,Gandia,ecommerce,585.06,97.51,6,0,mountain,medium,2026-06-30,32,20,0
C01538,49,Carcaixent,store,135.51,135.51,1,0,service,medium,2026-06-30,70,364,0
C01539,55,Alzira,ecommerce,1252.6,250.52,5,0,mountain,high,2026-06-30,14,218,0
C01540,27,Oliva,ecommerce,2196.45,439.29,5,0,mountain,high,2026-06-30,45,3,0
C01541,51,Gandia,store,375.09,125.03,3,0,service,high,2026-06-30,43,215,0
C01542,29,Alzira,store,4220.04,383.64,11,0,electric,medium,2026-06-30,40,27,0
C01543,33,Tavernes,ecommerce,940.38,156.73,6,0,mountain,medium,2026-06-30,36,222,0
C01544,18,Tavernes,ecommerce,1492.96,186.62,8,0.125,electric,medium,2026-06-30,63,7,1
C01545,35,Oliva,store,500.1,83.35,6,0.1667,urban,low,2026-06-30,46,4,1
C01546,37,Sueca,store,2149.32,358.22,6,0,service,medium,2026-06-30,83,235,0
C01547,39,Alzira,ecommerce,929.88,132.84,7,0,electric,medium,2026-06-30,105,30,0
C01548,33,Alzira,store,345.04,86.26,4,0,urban,medium,2026-06-30,86,187,0
C01549,48,Gandia,ecommerce,2107.56,351.26,6,0,electric,low,2026-06-30,91,2,0
C01550,34,Oliva,store,143.57,143.57,1,0,electric,medium,2026-06-30,30,57,0
C01551,69,Sueca,store,2834.55,188.97,15,0.0667,urban,low,2026-06-30,16,26,1
C01552,25,Alzira,ecommerce,565.47,188.49,3,0,urban,low,2026-06-30,111,142,0
C01553,56,Alzira,store,193.56,64.52,3,0,urban,medium,2026-06-30,85,133,0
C01554,53,Carcaixent,ecommerce,722.35,144.47,5,0,urban,medium,2026-06-30,102,42,0
C01555,49,Carcaixent,ecommerce,219.66,73.22,3,0,urban,medium,2026-06-30,65,30,0
C01556,43,Tavernes,ecommerce,1796.86,898.43,2,0,electric,medium,2026-06-30,10,79,0
C01557,67,Alzira,ecommerce,147.02,73.51,2,0,electric,high,2026-06-30,29,82,0
C01558,59,Tavernes,ecommerce,291.48,72.87,4,0,mountain,high,2026-06-30,94,186,0
C01559,37,Carcaixent,ecommerce,373.4,74.68,5,0.2,electric,high,2026-06-30,102,23,1
C01560,36,Carcaixent,ecommerce,530.64,88.44,6,0.3333,mountain,medium,2026-06-30,42,,2
C01561,38,Gandia,store,740.88,123.48,6,0,urban,low,2026-06-30,94,117,0
C01562,48,Gandia,store,1315.17,438.39,3,0,electric,medium,2026-06-30,85,14,0
C01563,42,Alzira,store,468,117,4,0.5,electric,low,2026-06-30,14,34,2
C01564,27,Gandia,ecommerce,1040.97,148.71,7,0,mountain,low,2026-06-30,93,5,0
C01565,38,Carcaixent,ecommerce,564.16,141.04,4,0,mountain,low,2026-06-30,6,28,0
C01566,36,Tavernes,ecommerce,191.2,95.6,2,0,urban,high,2026-06-30,86,364,0
C01567,18,Sueca,store,479.9,95.98,5,0,urban,low,2026-06-30,94,11,0
C01568,51,Gandia,ecommerce,149.91,49.97,3,0.3333,urban,low,2026-06-30,93,3,1
C01569,59,Oliva,ecommerce,7049.92,881.24,8,0,mountain,low,2026-06-30,87,44,0
C01570,59,Gandia,ecommerce,1321.58,101.66,13,0.0769,mountain,low,2026-06-30,46,41,1
C01571,40,Tavernes,ecommerce,4443.45,296.23,15,0.0667,service,high,2026-06-30,86,18,1
C01572,55,Alzira,store,3305.38,254.26,13,0,mountain,medium,2026-06-30,27,15,0
C01573,28,Gandia,ecommerce,1187.1,118.71,10,0.1,electric,high,2026-06-30,74,12,1
C01574,35,Sueca,store,3380.28,563.38,6,0,electric,medium,2026-06-30,54,81,0
C01575,24,Tavernes,store,1146.46,163.78,7,0.1429,electric,high,2026-06-30,53,50,1
C01576,53,Alzira,ecommerce,1306.26,217.71,6,0,urban,medium,2026-06-30,79,1,0
C01577,41,Tavernes,store,1037.22,172.87,6,0.3333,mountain,medium,2026-06-30,77,,2
C01578,38,Gandia,store,299.76,99.92,3,0.3333,urban,low,2026-06-30,60,46,1
C01579,41,Oliva,ecommerce,2063.46,294.78,7,0.1429,electric,high,2026-06-30,5,12,1
C01580,37,Carcaixent,ecommerce,276.24,69.06,4,0,urban,high,2026-06-30,74,186,0
C01581,63,Tavernes,ecommerce,427.55,85.51,5,0,urban,high,2026-06-30,115,2,0
C01582,50,Alzira,ecommerce,5564.34,618.26,9,0,urban,low,2026-06-30,51,4,0
C01583,67,Tavernes,ecommerce,3105.32,776.33,4,0,service,high,2026-06-30,80,51,0
C01584,32,Alzira,store,2745.15,549.03,5,0,mountain,high,2026-06-30,100,1,0
C01585,59,Alzira,store,2157.48,239.72,9,0.1111,urban,low,2026-06-30,48,6,1
C01586,51,Carcaixent,store,1190.25,132.25,9,0,urban,low,2026-06-30,84,1,0
C01587,28,Oliva,store,837.21,279.07,3,0,mountain,medium,2026-06-30,42,111,0
C01588,34,Oliva,store,1564.31,142.21,11,0.1818,electric,high,2026-06-30,26,149,2
C01589,43,Alzira,store,128.95,128.95,1,0,urban,low,2026-06-30,115,132,0
C01590,51,Alzira,ecommerce,237.98,118.99,2,0,urban,high,2026-06-30,37,18,0
C01591,34,Alzira,store,786.24,131.04,6,0,service,medium,2026-06-30,27,166,0
C01592,50,Gandia,ecommerce,2315.06,210.46,11,0.1818,urban,low,2026-06-30,65,37,2
C01593,28,Sueca,ecommerce,1351.98,150.22,9,0,mountain,medium,2026-06-30,7,34,0
C01594,39,Tavernes,store,4341.36,723.56,6,0,electric,medium,2026-06-30,35,33,0
C01595,30,Carcaixent,ecommerce,459.68,114.92,4,0,mountain,medium,2026-06-30,17,59,0
C01596,40,Sueca,ecommerce,1164.72,145.59,8,0,urban,medium,2026-06-30,13,45,0
C01597,49,Carcaixent,store,11831.6,1478.95,8,0.125,service,high,2026-06-30,26,2,1
C01598,63,Sueca,ecommerce,2187.51,168.27,13,0.2308,service,high,2026-06-30,74,6,3
C01599,18,Oliva,ecommerce,1247.28,103.94,12,0,urban,low,2026-06-30,99,24,0
C01600,59,Sueca,ecommerce,155.85,155.85,1,1,service,low,2026-06-30,99,176,1
C01601,48,Gandia,ecommerce,331.28,82.82,4,0.25,service,medium,2026-06-30,71,146,1
C01602,40,Carcaixent,ecommerce,573,191,3,0.6667,electric,low,2026-06-30,28,47,2
C01603,36,Alzira,ecommerce,114.16,114.16,1,0,urban,medium,2026-06-30,66,355,0
C01604,43,Carcaixent,ecommerce,2566,320.75,8,0,mountain,low,2026-06-30,88,1,0
C01605,23,Tavernes,store,3292.56,274.38,12,0.0833,urban,low,2026-06-30,32,126,1
C01606,45,Alzira,ecommerce,444.6,88.92,5,0.6,urban,high,2026-06-30,20,52,3
C01607,50,Tavernes,ecommerce,2828.8,353.6,8,0.125,urban,medium,2026-06-30,110,5,1
C01608,18,Tavernes,store,343.72,85.93,4,0,electric,medium,2026-06-30,90,14,0
C01609,46,Oliva,ecommerce,263.6,131.8,2,0,urban,low,2026-06-30,108,38,0
C01610,45,Gandia,store,2756.76,459.46,6,0,mountain,high,2026-06-30,43,39,0
C01611,66,Sueca,store,278.68,69.67,4,0,service,medium,2026-06-30,104,58,0
C01612,43,Sueca,store,1646.7,164.67,10,0,electric,medium,2026-06-30,94,14,0
C01613,41,Sueca,store,3694,738.8,5,0.4,electric,low,2026-06-30,108,39,2
C01614,40,Gandia,ecommerce,333.9,66.78,5,0,urban,low,2026-06-30,102,34,0
C01615,60,Sueca,ecommerce,247.56,82.52,3,0,urban,medium,2026-06-30,110,298,0
C01616,40,Carcaixent,store,2288.05,457.61,5,0,mountain,medium,2026-06-30,89,110,0
C01617,48,Carcaixent,store,2952.84,492.14,6,0,electric,high,2026-06-30,117,173,0
C01618,59,Gandia,ecommerce,276.66,138.33,2,0,service,medium,2026-06-30,85,87,0
C01619,59,Carcaixent,store,91.83,91.83,1,0,electric,high,2026-06-30,103,229,0
C01620,35,Oliva,store,664.88,166.22,4,0,urban,medium,2026-06-30,46,109,0
C01621,41,Carcaixent,store,4646.85,357.45,13,0.0769,electric,medium,2026-06-30,114,67,1
C01622,30,Gandia,store,249.16,62.29,4,0.25,urban,high,2026-06-30,68,297,1
C01623,38,Gandia,store,99.4,99.4,1,1,urban,low,2026-06-30,59,25,1
C01624,56,Sueca,ecommerce,327.2,65.44,5,0,electric,medium,2026-06-30,78,63,0
C01625,49,Carcaixent,ecommerce,280.38,93.46,3,0,mountain,medium,2026-06-30,21,206,0
C01626,35,Sueca,ecommerce,1244.88,138.32,9,0.1111,urban,medium,2026-06-30,70,23,1
C01627,39,Alzira,store,970.85,194.17,5,0,mountain,low,2026-06-30,44,28,0
C01628,50,Gandia,store,2048.64,186.24,11,0,electric,medium,2026-06-30,34,22,0
C01629,52,Alzira,store,4959.92,708.56,7,0,electric,low,2026-06-30,53,37,0
C01630,23,Carcaixent,ecommerce,232.98,77.66,3,0,urban,low,2026-06-30,47,54,0
C01631,50,Tavernes,ecommerce,550.65,110.13,5,0,service,low,2026-06-30,41,109,0
C01632,24,Carcaixent,ecommerce,586.92,97.82,6,0,urban,low,2026-06-30,74,28,0
C01633,43,Sueca,ecommerce,1525.56,508.52,3,0,mountain,high,2026-06-30,39,59,0
C01634,36,Oliva,store,181.84,90.92,2,0,urban,low,2026-06-30,63,7,0
C01635,56,Alzira,ecommerce,675.84,112.64,6,0.1667,mountain,medium,2026-06-30,19,36,1
C01636,46,Gandia,ecommerce,995.13,110.57,9,0,mountain,medium,2026-06-30,44,3,0
C01637,54,Sueca,store,1614.21,124.17,13,0.0769,mountain,low,2026-06-30,21,27,1
C01638,34,Gandia,store,727.74,363.87,2,0,electric,medium,2026-06-30,114,80,0
C01639,38,Oliva,ecommerce,363.76,90.94,4,0,urban,low,2026-06-30,41,131,0
C01640,51,Sueca,store,411.72,102.93,4,0,service,high,2026-06-30,65,33,0
C01641,32,Alzira,store,420.86,210.43,2,0.5,service,low,2026-06-30,23,16,1
C01642,52,Alzira,store,334.4,66.88,5,0,mountain,high,2026-06-30,62,25,0
C01643,40,Alzira,store,134.37,134.37,1,0,mountain,medium,2026-06-30,41,70,0
C01644,52,Carcaixent,store,57.18,19.06,3,0,service,medium,2026-06-30,20,47,0
C01645,52,Oliva,ecommerce,1449.44,724.72,2,0,mountain,medium,2026-06-30,81,195,0
C01646,58,Sueca,ecommerce,126.66,42.22,3,0,service,high,2026-06-30,82,43,0
C01647,26,Sueca,ecommerce,1787.4,148.95,12,0,urban,medium,2026-06-30,90,14,0
C01648,56,Carcaixent,store,159.33,53.11,3,0,service,high,2026-06-30,119,276,0
C01649,60,Oliva,store,214.58,107.29,2,0,mountain,medium,2026-06-30,10,19,0
C01650,61,Tavernes,store,1474.92,163.88,9,0.1111,urban,low,2026-06-30,90,29,1
C01651,34,Alzira,ecommerce,245.22,81.74,3,0.3333,electric,high,2026-06-30,61,364,1
C01652,35,Tavernes,store,1230.32,153.79,8,0.25,mountain,medium,2026-06-30,65,2,2
C01653,40,Alzira,ecommerce,710.8,88.85,8,0.125,mountain,medium,2026-06-30,96,12,1
C01654,48,Sueca,ecommerce,634.47,211.49,3,0,service,low,2026-06-30,60,92,0
C01655,41,Sueca,store,3831.66,638.61,6,0.1667,electric,low,2026-06-30,115,26,1
C01656,44,Alzira,store,688.59,229.53,3,0,mountain,medium,2026-06-30,114,8,0
C01657,28,Alzira,ecommerce,474.68,118.67,4,0,urban,medium,2026-06-30,54,86,0
C01658,39,Gandia,ecommerce,198.14,99.07,2,0,urban,medium,2026-06-30,45,353,0
C01659,46,Carcaixent,ecommerce,1628.48,407.12,4,0.25,electric,low,2026-06-30,73,27,1
C01660,45,Tavernes,store,512.64,85.44,6,0.5,mountain,high,2026-06-30,4,35,3
C01661,53,Carcaixent,ecommerce,1262.36,315.59,4,0,mountain,high,2026-06-30,74,103,0
C01662,42,Tavernes,store,262.08,131.04,2,0,urban,low,2026-06-30,45,263,0
C01663,,Alzira,ecommerce,531.05,106.21,5,0,urban,medium,2026-06-30,49,63,0
C01664,18,Tavernes,ecommerce,381.78,127.26,3,0,urban,high,2026-06-30,4,63,0
C01665,44,Oliva,store,265.45,53.09,5,0,service,medium,2026-06-30,71,12,0
C01666,45,Gandia,ecommerce,3109.29,1036.43,3,0,electric,low,2026-06-30,100,85,0
C01667,25,Sueca,ecommerce,303.45,101.15,3,0,urban,medium,2026-06-30,51,15,0
C01668,45,Tavernes,store,3255.3,542.55,6,0,service,medium,2026-06-30,11,41,0
C01669,49,Oliva,ecommerce,2297.9,459.58,5,0,urban,low,2026-06-30,75,35,0
C01670,44,Gandia,ecommerce,209.98,104.99,2,0,mountain,medium,2026-06-30,102,19,0
C01671,35,Oliva,store,1108.98,123.22,9,0.1111,mountain,medium,2026-06-30,115,23,1
C01672,43,Tavernes,ecommerce,777,111,7,0.2857,mountain,medium,2026-06-30,47,6,2
C01673,29,Carcaixent,ecommerce,1262.38,180.34,7,0,urban,medium,2026-06-30,86,41,0
C01674,42,Gandia,store,890.73,98.97,9,0,urban,high,2026-06-30,54,20,0
C01675,43,Oliva,ecommerce,,367.71,5,0,electric,medium,2026-06-30,118,32,0
C01676,43,Tavernes,ecommerce,1659.24,414.81,4,0,mountain,high,2026-06-30,21,107,0
C01677,57,Carcaixent,ecommerce,72.36,72.36,1,0,mountain,medium,2026-06-30,94,240,0
C01678,42,Carcaixent,store,3202.8,266.9,12,0.0833,urban,low,2026-06-30,91,61,1
C01679,73,Tavernes,store,321.48,80.37,4,0.25,service,high,2026-06-30,58,1,1
C01680,35,Tavernes,ecommerce,3197.28,266.44,12,0.0833,electric,low,2026-06-30,18,5,1
C01681,18,Alzira,store,595.52,74.44,8,0,urban,high,2026-06-30,78,14,0
C01682,,Carcaixent,store,5217.06,869.51,6,0,mountain,low,2026-06-30,57,150,0
C01683,42,Tavernes,store,950.32,135.76,7,0,mountain,high,2026-06-30,17,16,0
C01684,41,Alzira,ecommerce,3814.65,762.93,5,0,electric,medium,2026-06-30,49,188,0
C01685,31,Tavernes,ecommerce,909.28,113.66,8,0,urban,low,2026-06-30,63,12,0
C01686,51,Alzira,ecommerce,4102.56,372.96,11,0.0909,mountain,medium,2026-06-30,79,17,1
C01687,52,Carcaixent,ecommerce,2340.76,585.19,4,0,electric,low,2026-06-30,109,207,0
C01688,44,Tavernes,store,757.92,126.32,6,0.3333,mountain,high,2026-06-30,62,104,2
C01689,51,Alzira,store,4798.2,799.7,6,0,electric,low,2026-06-30,82,60,0
C01690,41,Alzira,store,1169.7,194.95,6,0,electric,low,2026-06-30,92,32,0
C01691,38,Sueca,ecommerce,993.51,141.93,7,0,service,high,2026-06-30,68,2,0
C01692,24,Alzira,store,1643.2,164.32,10,0,mountain,medium,2026-06-30,88,110,0
C01693,53,Carcaixent,ecommerce,454.32,113.58,4,0,mountain,medium,2026-06-30,89,154,0
C01694,21,Tavernes,store,402.96,134.32,3,0,urban,high,2026-06-30,48,183,0
C01695,37,Alzira,ecommerce,262.3,131.15,2,0,mountain,low,2026-06-30,77,86,0
C01696,40,Oliva,store,36.52,36.52,1,0,service,medium,2026-06-30,56,22,0
C01697,55,Alzira,store,1163.96,290.99,4,0.5,mountain,high,2026-06-30,56,3,2
C01698,53,Gandia,ecommerce,77.85,77.85,1,0,service,medium,2026-06-30,120,0,0
C01699,44,Tavernes,store,244.16,122.08,2,0,mountain,medium,2026-06-30,88,21,0
C01700,52,Oliva,ecommerce,123.98,61.99,2,0,electric,high,2026-06-30,23,3,0
C01701,45,Sueca,store,474.69,158.23,3,0,urban,high,2026-06-30,27,120,0
C01702,44,Gandia,ecommerce,3267,297,11,0,mountain,high,2026-06-30,120,11,0
C01703,48,Gandia,store,2354.56,588.64,4,0,electric,low,2026-06-30,52,267,0
C01704,45,Carcaixent,ecommerce,266.85,88.95,3,0.6667,urban,low,2026-06-30,25,107,2
C01705,31,Carcaixent,ecommerce,177.52,88.76,2,0,mountain,medium,2026-06-30,90,287,0
C01706,41,Sueca,store,6969.83,995.69,7,0.1429,urban,medium,2026-06-30,3,23,1
C01707,39,Carcaixent,ecommerce,774.48,258.16,3,0,mountain,medium,2026-06-30,110,124,0
C01708,27,Tavernes,ecommerce,298.6,59.72,5,0,mountain,low,2026-06-30,111,21,0
C01709,63,Tavernes,ecommerce,2501.9,250.19,10,0.1,urban,low,2026-06-30,109,47,1
C01710,42,Sueca,store,555.63,185.21,3,0,mountain,medium,2026-06-30,85,248,0
C01711,37,Sueca,ecommerce,892.02,148.67,6,0,service,low,2026-06-30,73,38,0
C01712,34,Oliva,store,1785.28,446.32,4,0,electric,high,2026-06-30,40,52,0
C01713,29,Alzira,ecommerce,886.32,110.79,8,0,urban,high,2026-06-30,87,139,0
C01714,56,Carcaixent,store,2079.96,519.99,4,0.25,urban,high,2026-06-30,85,32,1
C01715,45,Tavernes,ecommerce,949.55,135.65,7,0,mountain,low,2026-06-30,54,18,0
C01716,42,Alzira,ecommerce,5347.02,763.86,7,0,electric,medium,2026-06-30,80,1,0
C01717,45,Carcaixent,store,238,238,1,0,service,high,2026-06-30,106,361,0
C01718,34,Oliva,store,192.58,96.29,2,0,mountain,medium,2026-06-30,87,5,0
C01719,50,Alzira,ecommerce,6160.24,770.03,8,0,mountain,high,2026-06-30,49,15,0
C01720,33,Alzira,ecommerce,251.52,83.84,3,0,mountain,medium,2026-06-30,108,97,0
C01721,52,Sueca,store,2682.1,268.21,10,0.1,electric,low,2026-06-30,87,31,1
C01722,30,Oliva,ecommerce,3757.08,626.18,6,0,mountain,medium,2026-06-30,51,90,0
C01723,42,Sueca,ecommerce,274.38,91.46,3,0,service,high,2026-06-30,55,16,0
C01724,34,Carcaixent,store,2175,543.75,4,0.25,electric,low,2026-06-30,9,33,1
C01725,20,Gandia,ecommerce,358.04,89.51,4,0,service,high,2026-06-30,117,134,0
C01726,45,Alzira,ecommerce,505.8,126.45,4,0,urban,low,2026-06-30,107,6,0
C01727,48,Tavernes,ecommerce,1650.27,550.09,3,0,electric,medium,2026-06-30,49,20,0
C01728,62,Oliva,store,13649.02,974.93,14,0,mountain,medium,2026-06-30,48,34,0
C01729,50,Alzira,ecommerce,4362.88,545.36,8,0,urban,high,2026-06-30,95,90,0
C01730,40,Alzira,store,1125.85,225.17,5,0,service,low,2026-06-30,66,53,0
C01731,57,Gandia,ecommerce,327.68,163.84,2,0,service,medium,2026-06-30,21,154,0
C01732,25,Carcaixent,ecommerce,2559.9,511.98,5,0,electric,medium,2026-06-30,82,13,0
C01733,34,Sueca,ecommerce,426,142,3,0.3333,urban,high,2026-06-30,113,64,1
C01734,33,Oliva,ecommerce,841.65,168.33,5,0,urban,medium,2026-06-30,30,74,0
C01735,56,Alzira,store,1681.56,280.26,6,0,electric,low,2026-06-30,63,5,0
C01736,53,Tavernes,ecommerce,1297.64,324.41,4,0,mountain,medium,2026-06-30,95,50,0
C01737,32,Oliva,ecommerce,379.12,94.78,4,0,urban,low,2026-06-30,81,93,0
C01738,18,Tavernes,ecommerce,242.52,80.84,3,0.6667,urban,low,2026-06-30,12,32,2
C01739,46,Alzira,store,1707.12,284.52,6,0.1667,service,medium,2026-06-30,36,35,1
C01740,36,Alzira,store,,140.35,5,0,service,low,2026-06-30,99,94,0
C01741,32,Tavernes,ecommerce,350.82,175.41,2,0,service,high,2026-06-30,85,341,0
C01742,29,Carcaixent,ecommerce,285.68,71.42,4,0,mountain,low,2026-06-30,40,28,0
C01743,52,Tavernes,store,1345.12,168.14,8,0,mountain,low,2026-06-30,59,68,0
C01744,49,Sueca,store,5708.2,570.82,10,0,mountain,low,2026-06-30,50,5,0
C01745,56,Gandia,ecommerce,306.78,102.26,3,0,mountain,medium,2026-06-30,73,49,0
C01746,48,Sueca,store,1375.52,171.94,8,0,urban,medium,2026-06-30,17,6,0
C01747,49,Sueca,ecommerce,364.18,182.09,2,0,mountain,low,2026-06-30,105,102,0
C01748,47,Tavernes,ecommerce,439.6,87.92,5,0.2,urban,low,2026-06-30,97,23,1
C01749,46,Carcaixent,ecommerce,1477.89,164.21,9,0,urban,low,2026-06-30,48,26,0
C01750,48,Gandia,ecommerce,333.72,111.24,3,0,electric,medium,2026-06-30,72,75,0
C01751,37,Sueca,ecommerce,549.4,137.35,4,0,electric,medium,2026-06-30,76,170,0
C01752,42,Sueca,store,591.01,84.43,7,0,urban,low,2026-06-30,94,79,0
C01753,54,Sueca,store,1166.76,388.92,3,0,urban,low,2026-06-30,54,50,0
C01754,48,Carcaixent,ecommerce,909.9,151.65,6,0,electric,high,2026-06-30,91,102,0
C01755,24,Oliva,ecommerce,476.72,119.18,4,0,service,low,2026-06-30,51,107,0
C01756,42,Alzira,ecommerce,202.29,67.43,3,0.3333,urban,low,2026-06-30,82,44,1
C01757,66,Gandia,store,254.01,84.67,3,0,service,medium,2026-06-30,54,60,0
C01758,33,Oliva,store,1164.56,145.57,8,0.125,mountain,medium,2026-06-30,56,104,1
C01759,35,Alzira,ecommerce,111.92,111.92,1,0,service,high,2026-06-30,93,33,0
C01760,40,Oliva,store,742.68,185.67,4,0.25,mountain,medium,2026-06-30,112,32,1
C01761,29,Sueca,ecommerce,1235.2,123.52,10,0,urban,medium,2026-06-30,64,17,0
C01762,60,Sueca,ecommerce,244.62,81.54,3,0,mountain,medium,2026-06-30,95,70,0
C01763,45,Alzira,ecommerce,1711.68,213.96,8,0,electric,low,2026-06-30,19,42,0
C01764,21,Oliva,store,137.63,137.63,1,0,urban,medium,2026-06-30,46,233,0
C01765,70,Carcaixent,ecommerce,102.43,102.43,1,0,service,medium,2026-06-30,43,52,0
C01766,53,Oliva,store,4106.34,684.39,6,0,service,low,2026-06-30,57,36,0
C01767,18,Carcaixent,ecommerce,366.42,122.14,3,0.3333,mountain,medium,2026-06-30,58,75,1
C01768,23,Gandia,ecommerce,2438.7,221.7,11,0.1818,mountain,low,2026-06-30,103,75,2
C01769,56,Tavernes,store,147.86,73.93,2,0,service,medium,2026-06-30,77,61,0
C01770,56,Alzira,ecommerce,429.3,85.86,5,0,mountain,medium,2026-06-30,58,64,0
C01771,59,Tavernes,ecommerce,441.25,88.25,5,0.2,urban,medium,2026-06-30,120,146,1
C01772,65,Carcaixent,ecommerce,244.47,81.49,3,0.3333,electric,low,2026-06-30,16,65,1
C01773,43,Tavernes,ecommerce,3162.33,351.37,9,0,electric,low,2026-06-30,87,73,0
C01774,29,Tavernes,store,1264.2,180.6,7,0,urban,low,2026-06-30,43,1,0
C01775,48,Carcaixent,ecommerce,726.08,90.76,8,0.125,mountain,low,2026-06-30,8,9,1
C01776,49,Sueca,ecommerce,3579.38,511.34,7,0.1429,electric,medium,2026-06-30,64,28,1
C01777,53,Carcaixent,store,719.16,119.86,6,0.1667,urban,low,2026-06-30,42,33,1
C01778,57,Alzira,ecommerce,3010.68,501.78,6,0.1667,electric,low,2026-06-30,96,139,1
C01779,25,Oliva,ecommerce,2074.59,230.51,9,0.2222,mountain,low,2026-06-30,31,34,2
C01780,51,Alzira,ecommerce,1297.8,324.45,4,0,electric,low,2026-06-30,27,22,0
C01781,35,Sueca,ecommerce,307.68,76.92,4,0,urban,low,2026-06-30,95,81,0
C01782,43,Carcaixent,ecommerce,322.14,46.02,7,0,urban,medium,2026-06-30,93,8,0
C01783,27,Tavernes,ecommerce,1951.04,243.88,8,0,electric,medium,2026-06-30,89,17,0
C01784,33,Oliva,ecommerce,471.72,157.24,3,0.3333,urban,medium,2026-06-30,16,58,1
C01785,44,Alzira,ecommerce,1902.6,634.2,3,0,electric,low,2026-06-30,67,61,0
C01786,57,Tavernes,ecommerce,110.33,110.33,1,0,urban,medium,2026-06-30,68,34,0
C01787,41,Gandia,store,362.9,72.58,5,0.4,urban,high,2026-06-30,61,76,2
C01788,39,Carcaixent,store,2857.92,238.16,12,0,urban,low,2026-06-30,7,6,0
C01789,29,Oliva,store,1265.2,632.6,2,0,electric,medium,2026-06-30,103,6,0
C01790,50,Carcaixent,ecommerce,1136.8,142.1,8,0.25,electric,high,2026-06-30,111,30,2
C01791,35,Alzira,ecommerce,1956.48,652.16,3,0,mountain,medium,2026-06-30,43,234,0
C01792,54,Carcaixent,ecommerce,276.68,138.34,2,0,urban,low,2026-06-30,96,40,0
C01793,33,Alzira,store,3756.48,939.12,4,0,electric,low,2026-06-30,5,112,0
C01794,63,Gandia,store,2183.04,272.88,8,0.125,service,medium,2026-06-30,4,27,1
C01795,21,Alzira,store,2235.1,223.51,10,0,urban,medium,2026-06-30,43,25,0
C01796,59,Tavernes,store,130.74,65.37,2,0,service,medium,2026-06-30,108,186,0
C01797,49,Gandia,store,1846.8,461.7,4,0,urban,medium,2026-06-30,2,42,0
C01798,30,Oliva,ecommerce,6753.63,519.51,13,0.0769,electric,low,2026-06-30,28,23,1
C01799,44,Gandia,ecommerce,612.4,153.1,4,0,mountain,high,2026-06-30,69,5,0
C01800,36,Gandia,ecommerce,331.86,110.62,3,0.3333,mountain,medium,2026-06-30,3,7,1
C01801,38,Tavernes,ecommerce,110.64,55.32,2,0,mountain,low,2026-06-30,58,121,0
C01802,48,Carcaixent,ecommerce,1089.62,155.66,7,0,mountain,high,2026-06-30,97,61,0
C01803,25,Carcaixent,ecommerce,252.6,84.2,3,0,urban,low,2026-06-30,65,50,0
C01804,34,Gandia,ecommerce,582.88,72.86,8,0,service,low,2026-06-30,24,40,0
C01805,59,Tavernes,ecommerce,1991.36,497.84,4,0,electric,low,2026-06-30,11,14,0
C01806,43,Oliva,ecommerce,327.53,46.79,7,0,electric,medium,2026-06-30,30,68,0
C01807,39,Gandia,store,493.88,123.47,4,0,mountain,medium,2026-06-30,6,98,0
C01808,49,Alzira,store,1982.3,198.23,10,0,electric,high,2026-06-30,103,77,0
C01809,41,Gandia,ecommerce,997.4,99.74,10,0.1,mountain,high,2026-06-30,18,34,1
C01810,38,Gandia,ecommerce,99.97,99.97,1,0,urban,medium,2026-06-30,9,202,0
C01811,60,Alzira,ecommerce,1838.5,919.25,2,0,electric,high,2026-06-30,75,169,0
C01812,44,Oliva,ecommerce,890.16,222.54,4,0,urban,high,2026-06-30,23,5,0
C01813,18,Gandia,ecommerce,1104.48,122.72,9,0.2222,urban,medium,2026-06-30,77,45,2
C01814,38,Carcaixent,ecommerce,415.41,138.47,3,0.3333,urban,low,2026-06-30,15,23,1
C01815,58,Carcaixent,ecommerce,735.6,183.9,4,0.5,urban,high,2026-06-30,90,224,2
C01816,58,Gandia,store,782.55,156.51,5,0,electric,high,2026-06-30,30,32,0
C01817,37,Tavernes,ecommerce,638.85,127.77,5,0,urban,medium,2026-06-30,36,34,0
C01818,34,Gandia,ecommerce,176.32,44.08,4,0.25,urban,high,2026-06-30,92,2,1
C01819,56,Oliva,store,2758.3,551.66,5,0,electric,medium,2026-06-30,114,119,0
C01820,46,Carcaixent,store,438.24,146.08,3,0,electric,low,2026-06-30,105,58,0
C01821,52,Oliva,store,4048.83,1349.61,3,0,electric,high,2026-06-30,88,67,0
C01822,36,Gandia,ecommerce,3686.31,409.59,9,0,service,medium,2026-06-30,7,77,0
C01823,41,Carcaixent,store,1004.72,125.59,8,0.125,urban,medium,2026-06-30,50,31,1
C01824,46,Sueca,store,5573.8,557.38,10,0,mountain,medium,2026-06-30,78,5,0
C01825,61,Oliva,ecommerce,1688.4,844.2,2,0,electric,high,2026-06-30,51,254,0
C01826,45,Gandia,ecommerce,1898.82,1898.82,1,0,electric,medium,2026-06-30,81,34,0
C01827,48,Tavernes,store,1331.61,190.23,7,0,mountain,medium,2026-06-30,67,4,0
C01828,48,Carcaixent,store,491.52,163.84,3,0,urban,medium,2026-06-30,70,66,0
C01829,53,Gandia,ecommerce,1087.4,271.85,4,0,electric,medium,2026-06-30,32,4,0
C01830,30,Sueca,ecommerce,1148,229.6,5,0,urban,low,2026-06-30,9,100,0
C01831,41,Gandia,store,290.88,96.96,3,0,urban,high,2026-06-30,26,142,0
C01832,44,Carcaixent,ecommerce,3380.19,307.29,11,0.3636,service,medium,2026-06-30,74,25,4
C01833,45,Gandia,store,1244.88,207.48,6,0.1667,urban,medium,2026-06-30,74,35,1
C01834,45,Oliva,store,433.74,72.29,6,0.3333,mountain,medium,2026-06-30,8,92,2
C01835,25,Gandia,ecommerce,316.35,63.27,5,0,electric,low,2026-06-30,95,18,0
C01836,56,Tavernes,ecommerce,289.76,144.88,2,0,electric,high,2026-06-30,116,256,0
C01837,43,Alzira,store,6246.5,624.65,10,0,mountain,high,2026-06-30,96,9,0
C01838,55,Carcaixent,store,264.93,88.31,3,0,mountain,low,2026-06-30,104,27,0
C01839,59,Tavernes,store,1936.32,484.08,4,0,electric,low,2026-06-30,2,56,0
C01840,39,Oliva,ecommerce,1644.42,548.14,3,0,electric,medium,2026-06-30,26,147,0
C01841,39,Oliva,store,266.49,88.83,3,0,electric,low,2026-06-30,29,113,0
C01842,57,Tavernes,ecommerce,885.96,98.44,9,0.1111,mountain,low,2026-06-30,13,5,1
C01843,27,Tavernes,ecommerce,935.67,311.89,3,0,electric,low,2026-06-30,24,198,0
C01844,54,Tavernes,store,167.52,55.84,3,0,service,high,2026-06-30,118,44,0
C01845,44,Alzira,store,2926.5,292.65,10,0.2,urban,low,2026-06-30,53,60,2
C01846,47,Tavernes,ecommerce,1421.04,177.63,8,0.125,mountain,low,2026-06-30,8,6,1
C01847,25,Gandia,ecommerce,553.68,184.56,3,0,urban,medium,2026-06-30,103,9,0
C01848,39,Oliva,ecommerce,1789.8,298.3,6,0,electric,low,2026-06-30,44,236,0
C01849,28,Alzira,ecommerce,233.22,77.74,3,0,urban,low,2026-06-30,105,45,0
C01850,60,Alzira,store,768.48,192.12,4,0,service,medium,2026-06-30,80,8,0
C01851,43,Carcaixent,store,1823.3,182.33,10,0.1,mountain,low,2026-06-30,87,24,1
C01852,46,Tavernes,store,158.43,158.43,1,0,mountain,medium,2026-06-30,115,364,0
C01853,59,Oliva,ecommerce,1302.28,186.04,7,0,mountain,low,2026-06-30,15,4,0
C01854,53,Oliva,store,1689.03,241.29,7,0,mountain,low,2026-06-30,29,45,0
C01855,41,Sueca,store,825.48,137.58,6,0,electric,medium,2026-06-30,105,55,0
C01856,35,Alzira,ecommerce,1029.32,257.33,4,0,mountain,medium,2026-06-30,88,39,0
C01857,64,Sueca,store,327.96,163.98,2,0,service,low,2026-06-30,42,43,0
C01858,68,Carcaixent,ecommerce,3435.74,490.82,7,0,urban,medium,2026-06-30,100,69,0
C01859,47,Carcaixent,store,,347.51,8,0.375,mountain,high,2026-06-30,49,14,3
C01860,48,Sueca,store,3377.05,675.41,5,0,service,medium,2026-06-30,2,24,0
C01861,32,Carcaixent,ecommerce,62.83,62.83,1,0,urban,low,2026-06-30,116,61,0
C01862,50,Gandia,ecommerce,2060.85,137.39,15,0,mountain,low,2026-06-30,74,0,0
C01863,45,Carcaixent,ecommerce,1843.83,614.61,3,0,electric,low,2026-06-30,116,314,0
C01864,38,Carcaixent,ecommerce,417.48,69.58,6,0.1667,service,low,2026-06-30,69,3,1
C01865,57,Carcaixent,ecommerce,1009.3,504.65,2,0,urban,medium,2026-06-30,30,143,0
C01866,50,Alzira,ecommerce,484.83,484.83,1,0,electric,low,2026-06-30,15,364,0
C01867,43,Alzira,ecommerce,1765.18,882.59,2,0,electric,medium,2026-06-30,91,32,0
C01868,44,Alzira,store,3278,819.5,4,0,mountain,low,2026-06-30,101,11,0
C01869,21,Sueca,store,1715.05,343.01,5,0,electric,medium,2026-06-30,79,56,0
C01870,36,Carcaixent,store,2032.38,225.82,9,0,electric,low,2026-06-30,35,23,0
C01871,29,Oliva,store,1006.18,503.09,2,0.5,mountain,medium,2026-06-30,45,7,1
C01872,18,Tavernes,ecommerce,287.85,95.95,3,0,urban,medium,2026-06-30,95,295,0
C01873,51,Oliva,ecommerce,8493.68,1061.71,8,0,electric,medium,2026-06-30,102,71,0
C01874,56,Carcaixent,ecommerce,1334.96,166.87,8,0,mountain,low,2026-06-30,84,25,0
C01875,49,Tavernes,store,604.6,60.46,10,0,electric,medium,2026-06-30,53,89,0
C01876,41,Tavernes,ecommerce,509.61,169.87,3,0,urban,low,2026-06-30,76,138,0
C01877,28,Tavernes,ecommerce,1829.7,304.95,6,0.1667,mountain,high,2026-06-30,7,20,1
C01878,69,Tavernes,ecommerce,1044.15,348.05,3,0,electric,high,2026-06-30,44,44,0
C01879,52,Tavernes,store,58.31,58.31,1,0,service,medium,2026-06-30,101,364,0
C01880,49,Tavernes,store,2946.28,736.57,4,0,electric,medium,2026-06-30,35,101,0
C01881,33,Gandia,ecommerce,580.47,193.49,3,0,urban,medium,2026-06-30,44,29,0
C01882,50,Oliva,ecommerce,254.22,127.11,2,0,urban,low,2026-06-30,29,11,0
C01883,35,Oliva,ecommerce,63.23,63.23,1,1,urban,medium,2026-06-30,54,5,1
C01884,43,Tavernes,store,1155.12,144.39,8,0.25,mountain,low,2026-06-30,41,15,2
C01885,35,Gandia,ecommerce,95.82,95.82,1,0,urban,low,2026-06-30,85,16,0
C01886,46,Gandia,ecommerce,375.21,34.11,11,0.0909,electric,low,2026-06-30,54,22,1
C01887,48,Carcaixent,store,580.08,145.02,4,0,urban,high,2026-06-30,39,50,0
C01888,42,Tavernes,store,4132.05,275.47,15,0.2,service,medium,2026-06-30,11,13,3
C01889,41,Tavernes,store,2396.16,399.36,6,0,mountain,medium,2026-06-30,116,35,0
C01890,43,Oliva,ecommerce,3709.02,618.17,6,0,mountain,low,2026-06-30,91,58,0
C01891,52,Alzira,store,245.49,81.83,3,0.3333,mountain,high,2026-06-30,119,89,1
C01892,66,Tavernes,ecommerce,4043.15,808.63,5,0.2,urban,low,2026-06-30,39,111,1
C01893,29,Sueca,ecommerce,1446.16,180.77,8,0,mountain,medium,2026-06-30,95,108,0
C01894,39,Oliva,store,3851,962.75,4,0,urban,medium,2026-06-30,85,3,0
C01895,41,Carcaixent,ecommerce,106.34,53.17,2,0,mountain,low,2026-06-30,103,32,0
C01896,37,Gandia,store,126.26,126.26,1,0,electric,medium,2026-06-30,46,69,0
C01897,39,Gandia,ecommerce,1360.17,194.31,7,0.1429,mountain,medium,2026-06-30,16,30,1
C01898,32,Gandia,store,5875.38,419.67,14,0.0714,mountain,low,2026-06-30,19,22,1
C01899,41,Gandia,ecommerce,507.72,126.93,4,0.25,mountain,medium,2026-06-30,120,112,1
C01900,39,Oliva,store,774.99,86.11,9,0,service,medium,2026-06-30,54,29,0
C01901,42,Sueca,store,60.69,60.69,1,0,service,medium,2026-06-30,48,176,0
C01902,18,Alzira,store,201.96,67.32,3,0.3333,mountain,medium,2026-06-30,84,30,1
C01903,36,Gandia,ecommerce,170.4,56.8,3,0.3333,service,low,2026-06-30,115,43,1
C01904,43,Alzira,store,853.2,170.64,5,0,mountain,medium,2026-06-30,95,36,0
C01905,52,Alzira,store,130.26,65.13,2,0,service,high,2026-06-30,112,175,0
C01906,18,Alzira,ecommerce,522.9,174.3,3,0,electric,high,2026-06-30,76,4,0
C01907,31,Gandia,store,308.28,102.76,3,0.3333,service,low,2026-06-30,114,65,1
C01908,51,Carcaixent,ecommerce,1363.68,151.52,9,0,mountain,high,2026-06-30,32,5,0
C01909,62,Sueca,ecommerce,707.6,141.52,5,0,service,low,2026-06-30,105,117,0
C01910,18,Tavernes,ecommerce,247.84,123.92,2,0,urban,medium,2026-06-30,118,240,0
C01911,55,Oliva,ecommerce,3599.75,719.95,5,0.2,electric,low,2026-06-30,63,80,1
C01912,27,Oliva,store,140.22,70.11,2,0,urban,low,2026-06-30,61,319,0
C01913,49,Gandia,store,6602.45,1320.49,5,0.2,electric,medium,2026-06-30,92,27,1
C01914,60,Carcaixent,ecommerce,2346.84,260.76,9,0,service,low,2026-06-30,24,2,0
C01915,42,Alzira,ecommerce,219.12,109.56,2,0,mountain,medium,2026-06-30,11,141,0
C01916,24,Carcaixent,ecommerce,4508.27,346.79,13,0,electric,low,2026-06-30,101,15,0
C01917,41,Gandia,store,2011.15,402.23,5,0,mountain,medium,2026-06-30,85,7,0
C01918,62,Carcaixent,ecommerce,821.66,117.38,7,0,mountain,high,2026-06-30,83,11,0
C01919,47,Carcaixent,ecommerce,2184.49,312.07,7,0,electric,high,2026-06-30,102,84,0
C01920,40,Tavernes,store,329.19,109.73,3,0,mountain,high,2026-06-30,65,273,0
C01921,18,Alzira,store,321.44,45.92,7,0,mountain,low,2026-06-30,98,0,0
C01922,23,Carcaixent,ecommerce,471.48,117.87,4,0,urban,medium,2026-06-30,16,10,0
C01923,26,Tavernes,store,323.96,46.28,7,0.1429,urban,low,2026-06-30,114,127,1
C01924,34,Alzira,ecommerce,534.34,267.17,2,0,urban,low,2026-06-30,9,66,0
C01925,33,Tavernes,ecommerce,691.35,138.27,5,0,service,medium,2026-06-30,46,54,0
C01926,45,Sueca,store,396.48,66.08,6,0.1667,service,high,2026-06-30,15,84,1
C01927,40,Tavernes,ecommerce,3432.54,572.09,6,0,mountain,high,2026-06-30,35,5,0
C01928,49,Tavernes,ecommerce,726.06,242.02,3,0,service,high,2026-06-30,91,58,0
C01929,59,Tavernes,store,720.09,240.03,3,0,mountain,high,2026-06-30,118,0,0
C01930,20,Oliva,store,2227.52,278.44,8,0.125,mountain,high,2026-06-30,53,135,1
C01931,34,Carcaixent,ecommerce,2199.72,733.24,3,0,electric,high,2026-06-30,56,21,0
C01932,60,Alzira,ecommerce,1603.8,145.8,11,0.0909,electric,low,2026-06-30,53,46,1
C01933,51,Gandia,store,4009.5,801.9,5,0.2,electric,high,2026-06-30,117,154,1
C01934,30,Alzira,ecommerce,400.2,80.04,5,0,urban,high,2026-06-30,74,1,0
C01935,50,Sueca,store,2649.45,883.15,3,0,electric,medium,2026-06-30,10,17,0
C01936,24,Sueca,store,746.04,186.51,4,0,mountain,medium,2026-06-30,28,213,0
C01937,41,Sueca,ecommerce,2433.12,304.14,8,0,electric,low,2026-06-30,101,124,0
C01938,38,Tavernes,store,123.4,61.7,2,0.5,urban,medium,2026-06-30,50,364,1
C01939,37,Carcaixent,ecommerce,288.28,72.07,4,0,urban,high,2026-06-30,3,31,0
C01940,45,Sueca,ecommerce,124.1,62.05,2,0,urban,medium,2026-06-30,38,364,0
C01941,18,Oliva,store,450.68,112.67,4,0,urban,medium,2026-06-30,47,67,0
C01942,56,Oliva,ecommerce,2480.58,413.43,6,0,mountain,low,2026-06-30,89,94,0
C01943,31,Gandia,store,275.1,137.55,2,0,mountain,high,2026-06-30,94,131,0
C01944,43,Gandia,store,487.25,97.45,5,0,service,medium,2026-06-30,22,18,0
C01945,74,Carcaixent,ecommerce,66.77,66.77,1,0,service,medium,2026-06-30,91,364,0
C01946,30,Oliva,ecommerce,1013.1,202.62,5,0.2,urban,low,2026-06-30,83,5,1
C01947,51,Gandia,ecommerce,330.13,330.13,1,0,electric,low,2026-06-30,18,71,0
C01948,54,Alzira,ecommerce,4943.64,823.94,6,0,electric,high,2026-06-30,75,12,0
C01949,29,Oliva,ecommerce,2876.1,287.61,10,0,mountain,low,2026-06-30,43,0,0
C01950,61,Carcaixent,store,117.1,117.1,1,0,urban,medium,2026-06-30,49,61,0
C01951,48,Tavernes,store,404.49,134.83,3,0,urban,low,2026-06-30,4,3,0
C01952,37,Gandia,store,1860.32,465.08,4,0,mountain,low,2026-06-30,42,15,0
C01953,62,Alzira,ecommerce,3833.22,638.87,6,0,urban,medium,2026-06-30,85,111,0
C01954,40,Gandia,store,3545.52,295.46,12,0.25,electric,medium,2026-06-30,72,50,3
C01955,65,Sueca,ecommerce,2479.14,413.19,6,0.1667,electric,low,2026-06-30,98,102,1
C01956,36,Alzira,store,101.44,101.44,1,0,service,medium,2026-06-30,16,97,0
C01957,37,Oliva,store,2008.83,669.61,3,0,electric,low,2026-06-30,75,114,0
C01958,29,Oliva,store,457.62,76.27,6,0,mountain,low,2026-06-30,29,13,0
C01959,25,Sueca,ecommerce,281.6,56.32,5,0.2,urban,low,2026-06-30,102,47,1
C01960,29,Oliva,ecommerce,214.74,71.58,3,0,electric,high,2026-06-30,61,62,0
C01961,20,Carcaixent,ecommerce,180.82,180.82,1,0,urban,medium,2026-06-30,87,329,0
C01962,31,Sueca,ecommerce,1263.06,631.53,2,0,service,medium,2026-06-30,106,61,0
C01963,34,Oliva,store,321.2,160.6,2,0,urban,medium,2026-06-30,20,9,0
C01964,48,Gandia,store,2044.08,170.34,12,0.0833,service,low,2026-06-30,12,16,1
C01965,41,Carcaixent,ecommerce,875,125,7,0.1429,urban,high,2026-06-30,77,24,1
C01966,33,Alzira,ecommerce,494.46,82.41,6,0.1667,mountain,high,2026-06-30,103,23,1
C01967,33,Sueca,ecommerce,997.6,124.7,8,0.125,urban,medium,2026-06-30,51,30,1
C01968,41,Alzira,store,2181.15,242.35,9,0,electric,low,2026-06-30,9,45,0
C01969,63,Oliva,ecommerce,62.49,62.49,1,0,service,high,2026-06-30,74,364,0
C01970,25,Carcaixent,ecommerce,172.02,57.34,3,0,urban,medium,2026-06-30,18,7,0
C01971,44,Sueca,store,686.24,171.56,4,0.25,urban,low,2026-06-30,78,64,1
C01972,47,Carcaixent,ecommerce,852.06,142.01,6,0.1667,urban,high,2026-06-30,62,3,1
C01973,53,Oliva,ecommerce,3798.05,759.61,5,0.2,urban,high,2026-06-30,80,59,1
C01974,57,Alzira,ecommerce,2820.75,564.15,5,0,mountain,medium,2026-06-30,55,54,0
C01975,47,Gandia,store,1157.68,144.71,8,0,electric,low,2026-06-30,105,99,0
C01976,55,Carcaixent,ecommerce,326.4,81.6,4,0.5,urban,medium,2026-06-30,37,102,2
C01977,45,Carcaixent,ecommerce,2038.89,291.27,7,0,urban,low,2026-06-30,26,49,0
C01978,22,Gandia,ecommerce,1526.46,117.42,13,0.1538,urban,high,2026-06-30,72,39,2
C01979,44,Tavernes,ecommerce,124.26,62.13,2,0,service,medium,2026-06-30,74,,0
C01980,47,Tavernes,ecommerce,61.47,61.47,1,0,urban,medium,2026-06-30,84,101,0
C01981,42,Oliva,ecommerce,232.56,77.52,3,0,electric,low,2026-06-30,55,121,0
C01982,49,Sueca,ecommerce,188.94,94.47,2,0,service,medium,2026-06-30,24,83,0
C01983,42,Oliva,ecommerce,791.04,131.84,6,0.1667,urban,medium,2026-06-30,110,44,1
C01984,18,Alzira,ecommerce,100.54,50.27,2,0,urban,high,2026-06-30,92,25,0
C01985,44,Carcaixent,ecommerce,1409.36,176.17,8,0,electric,low,2026-06-30,71,,0
C01986,71,Sueca,store,371.64,92.91,4,0.25,mountain,low,2026-06-30,116,158,1
C01987,59,Carcaixent,ecommerce,488.58,81.43,6,0.1667,electric,low,2026-06-30,52,67,1
C01988,33,Tavernes,ecommerce,445.35,89.07,5,0.2,mountain,medium,2026-06-30,55,58,1
C01989,35,Gandia,store,580,145,4,0,service,high,2026-06-30,14,73,0
C01990,37,Oliva,ecommerce,820.26,117.18,7,0.1429,urban,high,2026-06-30,97,68,1
C01991,32,Tavernes,ecommerce,1205.75,172.25,7,0,urban,low,2026-06-30,70,58,0
C01992,61,Sueca,ecommerce,70.95,70.95,1,0,service,high,2026-06-30,28,30,0
C01993,40,Alzira,store,1119.06,124.34,9,0,electric,medium,2026-06-30,11,8,0
C01994,29,Oliva,ecommerce,324.24,108.08,3,0,electric,high,2026-06-30,20,16,0
C01995,48,Gandia,store,331.74,165.87,2,0,urban,medium,2026-06-30,101,11,0
C01996,45,Oliva,store,1859.5,185.95,10,0.1,mountain,medium,2026-06-30,11,0,1
C01997,46,Oliva,store,291.57,97.19,3,0,electric,low,2026-06-30,24,161,0
C01998,75,Carcaixent,store,585.45,195.15,3,0.3333,service,medium,2026-06-30,98,157,1
C01999,64,Tavernes,ecommerce,4604.19,1534.73,3,0.3333,mountain,medium,2026-06-30,95,9,1
C02000,61,Oliva,ecommerce,1904.7,380.94,5,0,mountain,high,2026-06-30,17,36,0
