month,channel,product_line,region,marketing_spend,avg_discount,stock_units,website_sessions,sales_units,revenue,marketing_budget,planned_discount,list_price,campaign,days_in_month,closing_stock_units,stockout
2021-01,store,urban,coast,2190.14,0.047,150,3763,95,38024.7,2002.85,0.034,420,none,31,55,0
2021-01,store,urban,inland,3281.92,0.074,88,4664,82,31891.44,3016.71,0.062,420,none,31,6,0
2021-01,store,urban,metro,3347.16,0.05,141,5073,141,56259,3386.79,0.046,420,none,31,0,1
2021-01,store,mountain,coast,2530.35,0.037,66,3705,56,37210.32,2396.99,0.028,690,none,31,10,0
2021-01,store,mountain,inland,2136.16,0.101,61,3318,44,27293.64,2272.67,0.092,690,none,31,17,0
2021-01,store,mountain,metro,3566.49,0.011,48,4541,48,32755.68,3308.59,0.012,690,none,31,0,1
2021-01,store,electric,coast,1706.78,0.075,57,2693,39,53391,1811.32,0.071,1480,none,31,18,0
2021-01,store,electric,inland,3840.56,0.056,17,4483,17,23751.04,3652.61,0.047,1480,none,31,0,1
2021-01,store,electric,metro,2578.57,0.023,55,3765,48,69406.08,2722.88,0.043,1480,none,31,7,0
2021-01,ecommerce,urban,coast,3067.64,0.045,189,7085,130,52143,3138.31,0.046,420,none,31,59,0
2021-01,ecommerce,urban,inland,1432.12,0.06,96,5301,75,29610,1434.62,0.047,420,none,31,21,0
2021-01,ecommerce,urban,metro,3641.53,0.051,218,7485,139,55402.62,3953.57,0.032,420,none,31,79,0
2021-01,ecommerce,mountain,coast,2270.61,0.028,95,6038,59,39570.12,2491.53,0.034,690,none,31,36,0
2021-01,ecommerce,mountain,inland,3207.71,0.05,66,6335,55,36052.5,3492.79,0.057,690,none,31,11,0
2021-01,ecommerce,mountain,metro,4165.37,0.097,117,7577,89,55453.23,3789.91,0.081,690,none,31,28,0
2021-01,ecommerce,electric,coast,2400.37,0.037,51,5119,41,58434.84,2588.44,0.045,1480,none,31,10,0
2021-01,ecommerce,electric,inland,3733.98,0.086,43,6368,32,43287.04,3893.28,0.086,1480,none,31,11,0
2021-01,ecommerce,electric,metro,1787.44,0.011,80,5224,36,52693.92,1662.02,0.005,1480,none,31,44,0
2021-02,store,urban,coast,3324.73,0.053,130,4735,98,39036.06,3572.59,0.057,420.62,none,28,32,0
2021-02,store,urban,inland,2970.17,0.088,83,4375,82,31455.65,2825.68,0.076,420.62,none,28,1,0
2021-02,store,urban,metro,3643.28,0.047,136,5530,136,54515.72,3546.79,0.054,420.62,none,28,0,0
2021-02,store,mountain,coast,1536.36,0.114,89,3052,81,49592.46,1625.63,0.105,691.03,none,28,8,0
2021-02,store,mountain,inland,1582.77,0.058,69,2842,53,34500.36,1509.47,0.054,691.03,none,28,16,0
2021-02,store,mountain,metro,3696.25,0.075,105,5197,94,60085.06,3821.08,0.068,691.03,none,28,11,0
2021-02,store,electric,coast,1333.03,0.053,45,2712,34,47723.88,1428.32,0.056,1482.2,none,28,11,0
2021-02,store,electric,inland,2336.44,0.076,37,3153,21,28760.61,2470.13,0.069,1482.2,none,28,16,0
2021-02,store,electric,metro,3331.16,,58,4285,46,66749.39,3549.41,0.019,1482.2,none,28,12,0
2021-02,ecommerce,urban,coast,2129.05,0.068,208,6195,144,56450.57,2141.85,0.068,420.62,none,28,64,0
2021-02,ecommerce,urban,inland,2840.23,0.064,149,6348,88,34645.63,2965.2,0.065,420.62,none,28,61,0
2021-02,ecommerce,urban,metro,3335.76,0.083,203,7508,172,66341.87,3418.82,0.085,420.62,none,28,31,0
2021-02,ecommerce,mountain,coast,2079.26,0.055,97,5407,90,58772.1,1897.52,0.049,691.03,none,28,7,0
2021-02,ecommerce,mountain,inland,3143.02,0.048,76,6125,49,32235.17,3116.98,0.054,691.03,none,28,27,0
2021-02,ecommerce,mountain,metro,2261.15,0.045,112,5868,81,53454.63,2080.21,0.044,691.03,none,28,31,0
2021-02,ecommerce,electric,coast,2252.26,0.082,61,5569,41,55787.04,2166.71,0.067,1482.2,none,28,20,0
2021-02,ecommerce,electric,inland,2692.01,0.063,23,6037,23,31942.89,2665.89,0.061,1482.2,none,28,0,1
2021-02,ecommerce,electric,metro,1162.35,0.071,86,4881,50,68848.19,1107.61,0.057,1482.2,none,28,36,0
2021-03,store,urban,coast,3706.34,0.053,174,5448,137,54652.55,4001.26,0.059,421.25,none,31,37,0
2021-03,store,urban,inland,,0.038,134,4618,88,35661.34,3367.37,0.032,421.25,none,31,46,0
2021-03,store,urban,metro,3333.35,0.037,204,5226,165,66934.52,3732.1,0.048,421.25,none,31,39,0
2021-03,store,mountain,coast,1218.01,0.045,122,,86,56838.07,1217.16,0.028,692.05,none,31,36,0
2021-03,store,mountain,inland,1043.15,0.087,61,2536,60,37910.5,1063.09,0.081,692.05,none,31,1,0
2021-03,store,mountain,metro,3812.68,0.089,126,5050,113,71241.7,3881.73,0.078,692.05,none,31,13,0
2021-03,store,electric,coast,2903.19,0.014,55,4224,49,71717.78,2757.25,0.028,1484.41,none,31,6,0
2021-03,store,electric,inland,2592.95,0.056,47,3510,42,58853.89,2413.69,0.072,1484.41,none,31,5,0
2021-03,store,electric,metro,2785.21,0.044,76,3947,57,80888.47,2938.24,0.047,1484.41,none,31,19,0
2021-03,ecommerce,urban,coast,995.89,0.073,236,5272,161,62870.3,1051.61,0.062,421.25,none,31,75,0
2021-03,ecommerce,urban,inland,3388.88,0.056,149,6859,94,37380.04,3689.85,0.064,421.25,none,31,55,0
2021-03,ecommerce,urban,metro,3029.45,0.029,270,7032,192,78534.48,2731.99,0.055,421.25,none,31,78,0
2021-03,ecommerce,mountain,coast,4298.2,0.028,136,7526,119,80048.04,3948.92,0.039,692.05,none,31,17,0
2021-03,ecommerce,mountain,inland,3589.97,0.077,97,6757,64,40880.78,3336.39,0.084,692.05,none,31,33,0
2021-03,ecommerce,mountain,metro,2350.08,0.1,119,6516,119,74118.55,2504.21,0.095,692.05,none,31,0,1
2021-03,ecommerce,electric,coast,2981.02,0.034,78,6276,70,100375.8,3020.43,0.038,1484.41,none,31,8,0
2021-03,ecommerce,electric,inland,2890.8,0.086,55,6098,40,54270.03,2729.09,0.083,1484.41,none,31,15,0
2021-03,ecommerce,electric,metro,2125.89,,100,5653,69,96586.11,2068.81,0.041,1484.41,none,31,31,0
2021-04,store,urban,coast,3494.61,0.03,214,5221,167,68340.34,3521.5,0.016,421.88,none,30,47,0
2021-04,store,urban,inland,2474.15,0.141,133,4645,118,42762.6,2502.76,0.13,421.88,spring,30,15,0
2021-04,store,urban,metro,4514.64,0.134,248,6940,218,79645.88,5011.33,0.139,421.88,spring,30,30,0
2021-04,store,mountain,coast,1333.65,0.05,147,3168,128,84278.53,1487.19,0.047,693.08,none,30,19,0
2021-04,store,mountain,inland,3953.84,0.05,55,5016,55,36213.43,3992.91,0.052,693.08,none,30,0,1
2021-04,store,mountain,metro,3852.47,0.198,170,5474,170,94494.53,3968.14,0.193,693.08,spring,30,0,1
2021-04,store,electric,coast,1698.99,0.044,78,2983,44,62533.18,1776.08,0.046,1486.62,none,30,34,0
2021-04,store,electric,inland,2589.63,0.063,48,4042,37,51539.63,2558.76,0.058,1486.62,none,30,11,0
2021-04,store,electric,metro,4097.04,0.162,65,,65,80976.19,3928.3,0.169,1486.62,spring,30,0,1
2021-04,ecommerce,urban,coast,2443.14,0.152,166,7291,166,59387.2,2316.4,0.145,421.88,spring,30,0,1
2021-04,ecommerce,urban,inland,5166.63,0.142,147,9003,147,53210.04,5328.8,0.14,421.88,spring,30,0,1
2021-04,ecommerce,urban,metro,1636.03,0.106,200,6479,200,75432.14,1783.18,0.115,421.88,spring,30,0,1
2021-04,ecommerce,mountain,coast,6038.22,0.142,179,9974,179,106444.61,5523.97,0.146,693.08,spring,30,0,1
2021-04,ecommerce,mountain,inland,4077.49,0.183,120,7907,120,67949.56,3962.06,0.181,693.08,spring,30,0,1
2021-04,ecommerce,mountain,metro,2478.42,0.179,189,7393,170,96733.18,2688.39,0.169,693.08,spring,30,19,0
2021-04,ecommerce,electric,coast,4693.54,,64,7654,64,82299.28,4379.29,0.136,1486.62,spring,30,0,1
2021-04,ecommerce,electric,inland,1945.37,0.171,48,5025,48,59155.58,1937.27,0.168,1486.62,spring,30,0,1
2021-04,ecommerce,electric,metro,1877.72,0.05,79,5491,73,103097.1,2057.35,0.044,1486.62,none,30,6,0
2021-05,store,urban,coast,1218.34,0.07,195,3637,136,53439.06,,0.064,422.51,none,31,59,0
2021-05,store,urban,inland,1566.18,0.023,158,3298,101,41692.02,1454.65,0.03,422.51,none,31,57,0
2021-05,store,urban,metro,3069.72,,195,5225,178,69942.31,3199.73,0.058,422.51,none,31,17,0
2021-05,store,mountain,coast,2827.49,0.035,129,4142,107,71671.36,2694.82,0.035,694.12,none,31,22,0
2021-05,store,mountain,inland,1978.96,0.043,105,3328,68,45170.55,1892.19,0.064,694.12,none,31,37,0
2021-05,store,mountain,metro,3976.98,0.002,135,5589,125,86591.47,3615.43,0.014,694.12,none,31,10,0
2021-05,store,electric,coast,1109.16,0.027,85,2234,39,56496.63,1098.63,0.031,1488.83,none,31,46,0
2021-05,store,electric,inland,3078.58,0.032,55,4003,54,77824.12,3120.36,0.037,1488.83,none,31,1,0
2021-05,store,electric,metro,3086.64,0.059,53,4560,53,74252.42,3166.07,0.037,1488.83,none,31,0,1
2021-05,ecommerce,urban,coast,3480.74,0.076,184,7939,171,66758.27,3750.24,0.066,422.51,none,31,13,0
2021-05,ecommerce,urban,inland,1999.79,0.031,157,5906,111,45444.75,2021.54,0.032,422.51,none,31,46,0
2021-05,ecommerce,urban,metro,2850.8,0,267,7393,179,75629.29,2884.93,0,422.51,none,31,88,0
2021-05,ecommerce,mountain,coast,1399.43,0.054,84,5621,84,55157.55,1539.34,0.06,694.12,none,31,0,1
2021-05,ecommerce,mountain,inland,1103.32,0.024,99,,89,60294.04,1204.36,0.014,694.12,none,31,10,0
2021-05,ecommerce,mountain,metro,1637.89,0.05,103,5447,103,67919.64,1589.78,0.061,694.12,none,31,0,1
2021-05,ecommerce,electric,coast,3415.94,0.026,91,6505,69,100058.31,3692.3,0.026,1488.83,none,31,22,0
2021-05,ecommerce,electric,inland,2577.52,0.059,51,5872,42,58841.54,2635.1,0.057,1488.83,none,31,9,0
2021-05,ecommerce,electric,metro,1434.89,0.044,80,,60,85399.29,1544.74,0.044,1488.83,none,31,20,0
2021-06,store,urban,coast,3245.16,0.097,151,5484,151,57695.04,3251.15,0.091,423.13,none,30,0,1
2021-06,store,urban,inland,4206.13,0.057,153,5601,93,37108.08,4112.87,0.059,423.13,none,30,60,0
2021-06,store,urban,metro,4497.09,0.048,273,6421,194,78147.03,4194.86,0.041,423.13,none,30,79,0
2021-06,store,mountain,coast,1687.06,0.06,130,3438,102,66650.98,1620.98,0.062,695.15,none,30,28,0
2021-06,store,mountain,inland,1695.46,0.095,109,2886,67,42150.42,1699.28,0.086,695.15,none,30,42,0
2021-06,store,mountain,metro,2129.61,0.061,99,4150,99,64621.84,2187.42,0.077,695.15,none,30,0,1
2021-06,store,electric,coast,,0.04,77,3444,73,104492.08,2515.58,0.036,1491.04,none,30,4,0
2021-06,store,electric,inland,3011.33,0.013,46,3579,34,50036.32,2803.58,0.013,1491.04,none,30,12,0
2021-06,store,electric,metro,2510.19,0.053,84,3819,82,115785.22,2319.95,0.044,1491.04,none,30,2,0
2021-06,ecommerce,urban,coast,3928.37,0.025,187,7700,170,70133.8,3598.41,0.025,423.13,none,30,17,0
2021-06,ecommerce,urban,inland,1581.73,0.068,138,5615,91,35886.5,1601.07,0.078,423.13,none,30,47,0
2021-06,ecommerce,urban,metro,3159.64,0.081,223,,201,78160.15,3056.71,0.073,423.13,none,30,22,0
2021-06,ecommerce,mountain,coast,3506.12,0,198,7451,146,101491.9,3274.76,0,695.15,none,30,52,0
2021-06,ecommerce,mountain,inland,2422.67,0.069,115,6005,93,60188.17,2275.15,0.076,695.15,none,30,22,0
2021-06,ecommerce,mountain,metro,3087.97,0.008,224,7357,134,92404.9,3042.01,0.018,695.15,none,30,90,0
2021-06,ecommerce,electric,coast,3669.11,0.07,107,6948,84,116480.04,3555.62,0.059,1491.04,none,30,23,0
2021-06,ecommerce,electric,inland,3665,0.048,56,6668,41,58198.27,3945.3,0.045,1491.04,none,30,15,0
2021-06,ecommerce,electric,metro,2592,0.027,118,6046,82,118964.12,2365.43,0.023,1491.04,none,30,36,0
2021-07,store,urban,coast,5436.71,0.141,170,7262,170,61881.67,5626.17,0.144,423.76,summer,31,0,1
2021-07,store,urban,inland,3300.82,0.083,158,4716,113,43910.43,3623.28,0.073,423.76,none,31,45,0
2021-07,store,urban,metro,4972.83,,237,7373,217,79357.96,4545.76,0.119,423.76,summer,31,20,0
2021-07,store,mountain,coast,5171.21,0.085,162,6340,122,77714.57,5640.95,0.094,696.18,summer,31,40,0
2021-07,store,mountain,inland,3686.6,0.168,111,4489,89,51550.74,3670.03,0.162,696.18,summer,31,22,0
2021-07,store,mountain,metro,5181.28,0.151,181,6842,181,106981.28,4761.31,0.144,696.18,summer,31,0,1
2021-07,store,electric,coast,3002.78,0.18,87,4048,87,106529.17,3206.38,0.19,1493.26,summer,31,0,1
2021-07,store,electric,inland,2481.42,0.155,32,3482,32,40377.75,2588.57,0.153,1493.26,summer,31,0,1
2021-07,store,electric,metro,3859.26,0.123,86,4856,86,112624.66,4273.2,0.126,1493.26,summer,31,0,1
2021-07,ecommerce,urban,coast,4847.86,,147,8871,147,54070.08,5187.77,0.131,423.76,summer,31,0,1
2021-07,ecommerce,urban,inland,2819.53,0.153,157,6947,146,52403.01,2566.87,0.138,423.76,summer,31,11,0
2021-07,ecommerce,urban,metro,4301.5,0.059,312,8490,229,91315.62,3970.39,0.062,423.76,none,31,83,0
2021-07,ecommerce,mountain,coast,1639.19,,186,5910,159,96745.35,1555.31,0.131,696.18,summer,31,27,0
2021-07,ecommerce,mountain,inland,,0.017,89,6875,89,60906.7,3475.31,0.019,696.18,none,31,0,1
2021-07,ecommerce,mountain,metro,4387.71,0.151,153,8402,153,90431.69,4106.66,0.158,696.18,summer,31,0,1
2021-07,ecommerce,electric,coast,4094.42,0.153,94,7141,83,104977.67,4188.94,0.144,1493.26,summer,31,11,0
2021-07,ecommerce,electric,inland,1858.6,0.123,47,5141,47,61550.68,1933.18,0.13,1493.26,summer,31,0,1
2021-07,ecommerce,electric,metro,1735.81,0.029,78,4923,73,105846.75,1898.64,0.041,1493.26,none,31,5,0
2021-08,store,urban,coast,3973.4,0.058,219,5412,132,52770.35,3634.01,0.049,424.39,none,31,87,0
2021-08,store,urban,inland,4061.66,0,130,5441,86,36497.54,3904.25,0.002,424.39,none,31,44,0
2021-08,store,urban,metro,3650.35,0.061,174,5722,162,64557.36,3792.72,0.044,424.39,none,31,12,0
2021-08,store,mountain,coast,1699.2,0.026,103,3615,72,48894.64,1711.64,0.026,697.22,none,31,31,0
2021-08,store,mountain,inland,2415.81,0.083,103,3616,68,43475.85,2261.66,0.076,697.22,none,31,35,0
2021-08,store,mountain,metro,2310.07,0.099,178,4460,127,79780.79,2528.01,0.084,697.22,none,31,51,0
2021-08,store,electric,coast,2103.02,0.014,60,3141,52,76676.25,1979.2,0.015,1495.48,none,31,8,0
2021-08,store,electric,inland,3228.74,0.038,53,4090,36,51791.46,,0.042,1495.48,none,31,17,0
2021-08,store,electric,metro,1998.5,0.037,79,3503,57,82088.39,2185.08,0.053,1495.48,none,31,22,0
2021-08,ecommerce,urban,coast,1171.35,0.055,212,5353,123,49328.97,1274.84,0.05,424.39,none,31,89,0
2021-08,ecommerce,urban,inland,2181.2,0.029,140,6156,110,45329.1,2311.71,0.049,424.39,none,31,30,0
2021-08,ecommerce,urban,metro,2473.82,0.094,206,6810,192,73823.49,2549.71,0.097,424.39,none,31,14,0
2021-08,ecommerce,mountain,coast,1904.45,0.075,128,5825,93,59978.35,1730.64,0.073,697.22,none,31,35,0
2021-08,ecommerce,mountain,inland,2715.39,0.038,95,5784,59,39572.81,2795.92,0.035,697.22,none,31,36,0
2021-08,ecommerce,mountain,metro,3128.67,0.015,130,6697,120,82411.4,3195.58,0.012,697.22,none,31,10,0
2021-08,ecommerce,electric,coast,1093.04,0.032,68,4466,50,72381.23,1154.48,0.027,1495.48,none,31,18,0
2021-08,ecommerce,electric,inland,2181.45,0.045,44,5395,44,62840.07,2410.05,0.028,1495.48,none,31,0,1
2021-08,ecommerce,electric,metro,3110.39,0.071,93,6244,66,91693.86,3350.48,0.063,1495.48,none,31,27,0
2021-09,store,urban,coast,2993.4,0.076,119,4537,119,46733.5,3164.14,0.067,425.02,none,30,0,1
2021-09,store,urban,inland,3295.49,0.031,132,4533,89,36654.15,3333.4,0.031,425.02,none,30,43,0
2021-09,store,urban,metro,2090.85,0.064,164,4157,132,52512.07,2250.7,0.068,425.02,none,30,32,0
2021-09,store,mountain,coast,2170.01,0.042,95,3486,71,47494.25,2318.02,0.03,698.26,none,30,24,0
2021-09,store,mountain,inland,2614.3,0.037,93,3934,64,43035.16,2845.75,0.041,698.26,none,30,29,0
2021-09,store,mountain,metro,2256.54,0.065,127,3591,91,59411.45,2368.08,0.055,698.26,none,30,36,0
2021-09,store,electric,coast,2238.75,0.042,56,3431,35,50218.22,2267.86,0.052,1497.71,none,30,21,0
2021-09,store,electric,inland,2982.39,0.077,49,4158,33,45618.75,2784.92,0.085,1497.71,none,30,16,0
2021-09,store,electric,metro,2871.93,0.057,88,3852,51,72029.37,2851.29,0.063,1497.71,none,30,37,0
2021-09,ecommerce,urban,coast,2859.62,0.079,193,6834,165,64588.16,2654.87,0.083,425.02,none,30,28,0
2021-09,ecommerce,urban,inland,3011.36,0.056,141,6568,85,34103.6,2989.26,0.063,425.02,none,30,56,0
2021-09,ecommerce,urban,metro,1727.98,0.08,274,6147,175,68428.22,1933.86,0.069,425.02,none,30,99,0
2021-09,ecommerce,mountain,coast,1427.42,0.079,108,5438,87,55949.48,1509.17,0.075,698.26,none,30,21,0
2021-09,ecommerce,mountain,inland,3143.63,0.018,98,6359,56,38398.71,3113.52,0.03,698.26,none,30,42,0
2021-09,ecommerce,mountain,metro,2824.68,0.086,134,6798,117,74670.53,2911.26,0.069,698.26,none,30,17,0
2021-09,ecommerce,electric,coast,,0.072,70,6209,43,59764.62,3759.92,0.066,1497.71,none,30,27,0
2021-09,ecommerce,electric,inland,1489.39,0.055,45,4697,45,63690.12,1562.19,0.052,1497.71,none,30,0,0
2021-09,ecommerce,electric,metro,2523.6,0,80,5451,44,65899.24,,0.002,1497.71,none,30,36,0
2021-10,store,urban,coast,4224.35,0.06,95,5677,95,38011.44,4074.31,0.072,425.66,none,31,0,1
2021-10,store,urban,inland,3813.79,0.033,96,4924,92,37868.42,4115.16,0.047,425.66,none,31,4,0
2021-10,store,urban,metro,2797.95,0.058,146,4643,146,58541.87,3062.26,0.058,425.66,none,31,0,1
2021-10,store,mountain,coast,,0.068,99,3596,70,45621.68,1997.27,0.06,699.29,none,31,29,0
2021-10,store,mountain,inland,1917.8,0.025,61,3218,44,29999.54,1921.48,0.035,699.29,none,31,17,0
2021-10,store,mountain,metro,2433.23,0.063,128,3915,79,51763.54,2510.15,0.055,699.29,none,31,49,0
2021-10,store,electric,coast,2721.86,0.057,49,3761,44,62235.51,2733.15,0.055,1499.94,none,31,5,0
2021-10,store,electric,inland,1324.7,0.079,31,2539,29,40061.9,1345.25,0.079,1499.94,none,31,2,0
2021-10,store,electric,metro,2826.64,0.068,56,3773,44,61509.54,2723.92,0.073,1499.94,none,31,12,0
2021-10,ecommerce,urban,coast,2440.79,0.058,167,6326,159,63754.5,2635.6,0.062,425.66,none,31,8,0
2021-10,ecommerce,urban,inland,1075.48,0.031,148,4842,81,33409.63,1174.77,0.049,425.66,none,31,67,0
2021-10,ecommerce,urban,metro,1323.34,0.063,184,5593,153,61023.04,1431.85,0.058,425.66,none,31,31,0
2021-10,ecommerce,mountain,coast,2073.57,0.05,88,5494,75,49824.41,1915.85,0.047,699.29,none,31,13,0
2021-10,ecommerce,mountain,inland,3122.94,0.055,73,6468,67,44275.55,3500.76,0.055,699.29,none,31,6,0
2021-10,ecommerce,mountain,metro,1514.38,0.046,101,5177,84,56038.3,1449.41,0.037,699.29,none,31,17,0
2021-10,ecommerce,electric,coast,4300.18,0.05,77,7048,44,62697.49,4195.01,0.058,1499.94,none,31,33,0
2021-10,ecommerce,electric,inland,2246.43,0.066,42,5342,31,43429.26,2177.36,0.074,1499.94,none,31,11,0
2021-10,ecommerce,electric,metro,3827.86,0.075,80,6986,59,81859.23,3584.34,0.072,1499.94,none,31,21,0
2021-11,store,urban,coast,3737.38,0.197,150,5788,138,47238.9,3516.35,0.189,426.29,black_friday,30,12,0
2021-11,store,urban,inland,1909.59,0.197,78,3535,78,26700.25,1904.02,0.169,426.29,black_friday,30,0,1
2021-11,store,urban,metro,4903.94,0.165,183,6716,176,62647.58,5411.46,0.154,426.29,black_friday,30,7,0
2021-11,store,mountain,coast,4048.25,0.113,98,,93,57770.92,4209.69,0.113,700.33,black_friday,30,5,0
2021-11,store,mountain,inland,1596.75,0.136,55,2771,41,24808.49,1659.76,0.143,700.33,black_friday,30,14,0
2021-11,store,mountain,metro,4426.78,0.186,76,5609,76,43325.22,4271.6,0.178,700.33,black_friday,30,0,1
2021-11,store,electric,coast,5551.12,0.172,48,6169,48,59702.24,5555.66,0.163,1502.17,black_friday,30,0,1
2021-11,store,electric,inland,2145.94,0.179,25,3057,25,30832.04,2112.01,0.188,1502.17,black_friday,30,0,1
2021-11,store,electric,metro,3307.84,0.199,52,3979,52,62568.38,3413.41,0.188,1502.17,black_friday,30,0,1
2021-11,ecommerce,urban,coast,1631.03,0.137,165,6186,165,60701.56,1789.7,0.131,426.29,black_friday,30,0,1
2021-11,ecommerce,urban,inland,3690.57,,113,7278,94,36985.77,4058.79,0.08,426.29,none,30,19,0
2021-11,ecommerce,urban,metro,4660.3,0.178,155,8787,155,54313.61,4700.77,0.17,426.29,black_friday,30,0,1
2021-11,ecommerce,mountain,coast,3062.48,0.164,88,6373,78,45667.12,3202.21,0.165,700.33,black_friday,30,10,0
2021-11,ecommerce,mountain,inland,1838.73,0.11,53,5512,53,33034.57,1685.53,0.132,700.33,black_friday,30,0,1
2021-11,ecommerce,mountain,metro,3044.36,0.037,70,6682,70,47209.25,2766.51,0.024,700.33,none,30,0,1
2021-11,ecommerce,electric,coast,5974.71,0.093,61,8768,45,61311.07,5664.07,0.089,1502.17,black_friday,30,16,0
2021-11,ecommerce,electric,inland,5588.15,0.175,53,8044,50,61964.51,5115.78,0.173,1502.17,black_friday,30,3,0
2021-11,ecommerce,electric,metro,3286.99,0.162,72,7048,72,90634.93,3599.23,0.15,1502.17,black_friday,30,0,1
2021-12,store,urban,coast,2384.43,0.199,96,4133,96,32828.44,2640.75,0.194,426.92,christmas,31,0,1
2021-12,store,urban,inland,2163.66,0.124,113,3769,92,34406.34,2154.52,0.119,426.92,christmas,31,21,0
2021-12,store,urban,metro,3464.86,0.114,159,5011,147,55602.91,3602.43,0.117,426.92,christmas,31,12,0
2021-12,store,mountain,coast,3275.95,0.146,70,4324,70,41928.5,3174.21,0.156,701.38,christmas,31,0,1
2021-12,store,mountain,inland,1585.3,0.134,48,3077,48,29154.96,1515.17,0.133,701.38,christmas,31,0,0
2021-12,store,mountain,metro,4399.84,0.116,94,5731,94,58281.87,3995.5,0.124,701.38,christmas,31,0,1
2021-12,store,electric,coast,3419.51,0.138,35,4266,35,45387.75,3464.48,0.141,1504.4,christmas,31,0,1
2021-12,store,electric,inland,4670.17,0.187,42,5221,30,36692.32,4870.76,0.174,1504.4,christmas,31,12,0
2021-12,store,electric,metro,4190.96,0.122,57,5020,55,72647.48,3948.3,0.138,1504.4,christmas,31,2,0
2021-12,ecommerce,urban,coast,2847.19,0.118,177,6864,148,55728.43,2970.18,0.123,426.92,christmas,31,29,0
2021-12,ecommerce,urban,inland,3832.78,0.176,100,7562,100,35178.21,3672.7,0.146,426.92,christmas,31,0,1
2021-12,ecommerce,urban,metro,2099.95,0.088,215,6904,152,59181.36,2150.36,0.07,426.92,none,31,63,0
2021-12,ecommerce,mountain,coast,2560.18,0.062,96,5724,62,40789.46,2768.42,0.069,701.38,none,31,34,0
2021-12,ecommerce,mountain,inland,5875.11,0.159,70,8454,66,38930.8,5343.28,0.148,701.38,christmas,31,4,0
2021-12,ecommerce,mountain,metro,4219.84,0.044,109,7132,96,64369.85,3820.44,0.059,701.38,none,31,13,0
2021-12,ecommerce,electric,coast,3703.88,,53,6562,53,69447.62,3928.46,0.139,1504.4,christmas,31,0,1
2021-12,ecommerce,electric,inland,5102.04,0.097,50,7968,35,47546.56,5057.43,0.111,1504.4,christmas,31,15,0
2021-12,ecommerce,electric,metro,4821.39,0.13,63,7913,63,82456.16,4675.91,0.129,1504.4,christmas,31,0,1
2022-01,store,urban,coast,2513.4,0.07,120,4213,107,42546.5,2349.8,0.067,427.56,none,31,13,0
2022-01,store,urban,inland,2189.88,0.082,72,3728,72,28260.01,2227.41,0.07,427.56,none,31,0,1
2022-01,store,urban,metro,4026.01,0.046,166,5410,109,44460.25,3632.71,0.056,427.56,none,31,57,0
2022-01,store,mountain,coast,2170.1,0.058,101,3503,53,35069.02,2083.78,0.048,702.42,none,31,48,0
2022-01,store,mountain,inland,4177.2,0.027,52,5098,40,27338.19,4119.9,0.031,702.42,none,31,12,0
2022-01,store,mountain,metro,1278.69,0.053,101,2867,51,33924.78,1403.4,0.045,702.42,none,31,50,0
2022-01,store,electric,coast,1919.86,0.026,65,3150,34,49893.89,1882.14,0.043,1506.64,none,31,31,0
2022-01,store,electric,inland,3130.68,0.035,37,4057,28,40709.41,3000.89,0.062,1506.64,none,31,9,0
2022-01,store,electric,metro,2163.48,0.087,73,3134,68,93538.24,2132.64,0.086,1506.64,none,31,5,0
2022-01,ecommerce,urban,coast,1853.82,0.055,165,5849,140,56566.19,,0.054,427.56,none,31,25,0
2022-01,ecommerce,urban,inland,3737.61,0.044,132,6920,117,47823.44,3620.82,0.045,427.56,none,31,15,0
2022-01,ecommerce,urban,metro,1511.11,0.051,236,5696,157,63703.45,1568.05,0.034,427.56,none,31,79,0
2022-01,ecommerce,mountain,coast,3399.43,0.047,94,6831,62,41503.19,3603.32,0.044,702.42,none,31,32,0
2022-01,ecommerce,mountain,inland,967.77,0.066,66,,51,33459.07,1086.19,0.059,702.42,none,31,15,0
2022-01,ecommerce,mountain,metro,4042.39,0.049,52,7311,52,34736.07,4020.64,0.044,702.42,none,31,0,1
2022-01,ecommerce,electric,coast,3968.98,0.083,59,6851,52,71842.62,3771.11,0.084,1506.64,none,31,7,0
2022-01,ecommerce,electric,inland,,0.073,39,5408,32,44692.97,2779.25,0.056,1506.64,none,31,7,0
2022-01,ecommerce,electric,metro,2761.15,0,61,6033,45,67798.8,2497.96,0,1506.64,none,31,16,0
2022-02,store,urban,coast,4217.37,0.041,82,5793,82,33672.79,3870.3,0.054,428.2,none,28,0,1
2022-02,store,urban,inland,1311.43,0.065,110,3272,97,38835.6,1324.88,0.063,428.2,none,28,13,0
2022-02,store,urban,metro,3154.95,0.091,161,4958,144,56049.67,3290.2,0.088,428.2,none,28,17,0
2022-02,store,mountain,coast,2757,0.083,111,3784,71,45800.82,2768.24,0.067,703.47,none,28,40,0
2022-02,store,mountain,inland,1623.93,0.054,66,2920,43,28615.75,1739.25,0.052,703.47,none,28,23,0
2022-02,store,mountain,metro,3748.02,0.07,126,4726,91,59534.67,4068.02,0.087,703.47,none,28,35,0
2022-02,store,electric,coast,2043.31,0.104,69,3003,40,54078.26,2135.22,0.104,1508.88,none,28,29,0
2022-02,store,electric,inland,2912.53,0.071,33,3849,19,26633.24,2832.31,0.06,1508.88,none,28,14,0
2022-02,store,electric,metro,2271.81,0.059,62,3691,62,88031.08,2523.43,0.062,1508.88,none,28,0,1
2022-02,ecommerce,urban,coast,3894.06,0.069,188,7641,155,61791.4,3596.55,0.063,428.2,none,28,33,0
2022-02,ecommerce,urban,inland,3600.41,0.071,113,7263,102,40575.38,3836.1,0.073,428.2,none,28,11,0
2022-02,ecommerce,urban,metro,2642.83,0.024,248,6971,143,59763.02,2930.8,0.035,428.2,none,28,105,0
2022-02,ecommerce,mountain,coast,1985.09,0.051,108,5598,66,44061.14,1943.61,0.04,703.47,none,28,42,0
2022-02,ecommerce,mountain,inland,4234.15,0.052,38,7195,38,25341.8,4116.51,0.052,703.47,none,28,0,1
2022-02,ecommerce,mountain,metro,2564.5,0.048,107,6495,98,65630.94,2760.5,0.055,703.47,none,28,9,0
2022-02,ecommerce,electric,coast,3539.43,0.087,67,7013,51,70257.98,3219.96,0.081,1508.88,none,28,16,0
2022-02,ecommerce,electric,inland,3782.14,0,54,6649,46,69408.48,4064.43,0.007,1508.88,none,28,8,0
2022-02,ecommerce,electric,metro,1897.46,0.015,64,5575,64,95119.8,1968.17,0.018,1508.88,none,28,0,1
2022-03,store,urban,coast,3133.98,0.031,169,5274,136,56512.93,3167.92,0.029,428.83,none,31,33,0
2022-03,store,urban,inland,1382.75,0.076,113,3023,93,36850.22,1380.32,0.066,428.83,none,31,20,0
2022-03,store,urban,metro,2946.35,0.021,177,4931,177,74308.95,2804.1,0.021,428.83,none,31,0,1
2022-03,store,mountain,coast,3988.31,0.065,135,5389,91,59943.23,3908.34,0.051,704.51,none,31,44,0
2022-03,store,mountain,inland,1193.01,0.063,74,2613,68,44888.56,1282.2,0.069,704.51,none,31,6,0
2022-03,store,mountain,metro,2211.6,0.059,139,4092,101,66957.33,2327.79,0.057,704.51,none,31,38,0
2022-03,store,electric,coast,2794.76,0.021,47,3768,47,69531.62,2761.3,0.036,1511.13,none,31,0,1
2022-03,store,electric,inland,1376.78,0.042,42,2296,35,50668.19,1529.58,0.048,1511.13,none,31,7,0
2022-03,store,electric,metro,963.77,0.055,66,2532,56,79969,1031.38,0.055,1511.13,none,31,10,0
2022-03,ecommerce,urban,coast,2653.45,0.051,209,6683,158,64299.63,2883.98,0.051,428.83,none,31,51,0
2022-03,ecommerce,urban,inland,3073.2,0.074,144,6837,120,47651.59,3082.59,0.068,428.83,none,31,24,0
2022-03,ecommerce,urban,metro,2113.67,0.084,201,6525,201,78954.46,2050.58,0.09,428.83,none,31,0,1
2022-03,ecommerce,mountain,coast,2276.22,0.038,135,5543,102,69129.34,2369.29,0.049,704.51,none,31,33,0
2022-03,ecommerce,mountain,inland,3750.33,0.08,95,6999,68,44074.15,4065.16,0.077,704.51,none,31,27,0
2022-03,ecommerce,mountain,metro,2525.82,0.043,160,6601,141,95064.47,2628.15,0.036,704.51,none,31,19,0
2022-03,ecommerce,electric,coast,1885.63,,69,5118,62,86101.17,1774.18,0.081,1511.13,none,31,7,0
2022-03,ecommerce,electric,inland,1551.53,0.042,56,4722,45,65144.81,1526.42,0.04,1511.13,none,31,11,0
2022-03,ecommerce,electric,metro,4074.65,0.094,86,7480,78,106788.53,3799.43,0.099,1511.13,none,31,8,0
2022-04,store,urban,coast,,0.089,217,3582,143,55948.35,1385.1,0.094,429.47,spring,30,74,0
2022-04,store,urban,inland,3539.98,0.071,116,5102,116,46281.41,3889.41,0.069,429.47,none,30,0,1
2022-04,store,urban,metro,2707.09,0.139,234,5352,234,86527.04,2491.81,0.133,429.47,spring,30,0,1
2022-04,store,mountain,coast,1516.89,0.128,106,3536,106,65216.32,1370.44,0.116,705.56,spring,30,0,1
2022-04,store,mountain,inland,4970.89,0.13,105,6132,83,50948.49,5085.97,0.135,705.56,spring,30,22,0
2022-04,store,mountain,metro,2009.75,0.039,128,3742,98,66448.23,2024.84,0.044,705.56,none,30,30,0
2022-04,store,electric,coast,2355.08,0.133,87,3682,63,82661.78,2354.38,0.143,1513.37,spring,30,24,0
2022-04,store,electric,inland,1654.08,0.178,64,3000,42,52247.59,1634.13,0.188,1513.37,spring,30,22,0
2022-04,store,electric,metro,2142.81,,66,3876,66,89694.41,2280.28,0.118,1513.37,spring,30,0,1
2022-04,ecommerce,urban,coast,1102.04,0.051,242,5597,126,51353.45,1187.63,0.051,429.47,none,30,116,0
2022-04,ecommerce,urban,inland,3427.26,0.109,171,7165,118,45153.62,3647.01,0.108,429.47,spring,30,53,0
2022-04,ecommerce,urban,metro,2720.91,0.028,201,7147,178,74305.18,2801.62,0.034,429.47,none,30,23,0
2022-04,ecommerce,mountain,coast,1315.09,0.154,137,5208,117,69837.74,1464.19,0.162,705.56,spring,30,20,0
2022-04,ecommerce,mountain,inland,1159.13,0.027,107,4782,72,49428.71,1130.13,0.043,705.56,none,30,35,0
2022-04,ecommerce,mountain,metro,2974.55,0.084,137,6543,137,88542.14,,0.077,705.56,none,30,0,1
2022-04,ecommerce,electric,coast,2644.05,0.164,96,6191,72,91092.77,2811.86,0.176,1513.37,spring,30,24,0
2022-04,ecommerce,electric,inland,2792.21,0.151,74,6360,54,69381.96,2968.29,0.14,1513.37,spring,30,20,0
2022-04,ecommerce,electric,metro,4172.75,0.143,93,7826,75,97271.86,4668.73,0.138,1513.37,spring,30,18,0
2022-05,store,urban,coast,3888.55,0.059,99,5523,99,40068.62,3762.32,0.073,430.11,none,31,0,1
2022-05,store,urban,inland,3184.23,0.057,161,,117,47454.47,3521.83,0.059,430.11,none,31,44,0
2022-05,store,urban,metro,1120.97,0.016,250,3506,161,68139.75,1154.87,0.023,430.11,none,31,89,0
2022-05,store,mountain,coast,1212.7,0.08,143,3378,95,61757.71,1199.48,0.07,706.61,none,31,48,0
2022-05,store,mountain,inland,1501.42,0.044,120,3556,69,46610.82,1427.1,0.042,706.61,none,31,51,0
2022-05,store,mountain,metro,3054.15,0.051,139,4945,134,89856.77,2969.09,0.054,706.61,none,31,5,0
2022-05,store,electric,coast,4000.65,0.063,67,5031,66,93729.59,4123.07,0.063,1515.63,none,31,1,0
2022-05,store,electric,inland,1305.42,0.099,46,2882,46,62816.8,1196.84,0.083,1515.63,none,31,0,0
2022-05,store,electric,metro,1509.38,0.062,81,2770,66,93829.62,1466.22,0.06,1515.63,none,31,15,0
2022-05,ecommerce,urban,coast,1875.47,0.059,270,6194,177,71637.83,1886.8,0.073,430.11,none,31,93,0
2022-05,ecommerce,urban,inland,1149.8,0.062,182,5011,105,42361.53,1051.45,0.065,430.11,none,31,77,0
2022-05,ecommerce,urban,metro,1377.43,0.062,222,5719,183,73830.1,1317.98,0.063,430.11,none,31,39,0
2022-05,ecommerce,mountain,coast,3686.09,0.039,187,7319,129,87597.74,4027.67,0.028,706.61,none,31,58,0
2022-05,ecommerce,mountain,inland,3565.66,0.053,110,7133,89,59555.21,3623.02,0.066,706.61,none,31,21,0
2022-05,ecommerce,mountain,metro,3715.76,0.073,181,7586,147,96289.04,3637.67,0.058,706.61,none,31,34,0
2022-05,ecommerce,electric,coast,2871.05,0.07,99,6081,80,112762.87,2912.24,0.06,1515.63,none,31,19,0
2022-05,ecommerce,electric,inland,3258.11,0.033,53,6307,53,77677.55,2950.79,0.037,1515.63,none,31,0,1
2022-05,ecommerce,electric,metro,2512.05,0.041,126,5949,71,103197.73,2576.95,0.058,1515.63,none,31,55,0
2022-06,store,urban,coast,1170.37,0.12,190,3324,160,60649.6,1311.66,0.112,430.75,none,30,30,0
2022-06,store,urban,inland,3490.85,0.057,134,5441,125,50774.66,3227.67,0.038,430.75,none,30,9,0
2022-06,store,urban,metro,1765.49,0.032,214,4158,196,81725.34,1662.17,0.028,430.75,none,30,18,0
2022-06,store,mountain,coast,3597.31,0.069,178,5558,156,102777.71,3775.62,0.068,707.66,none,30,22,0
2022-06,store,mountain,inland,3394.12,0.057,111,5010,103,68734.31,3589.94,0.063,707.66,none,30,8,0
2022-06,store,mountain,metro,4041,0.074,185,5926,146,95672.8,3884.29,0.062,707.66,none,30,39,0
2022-06,store,electric,coast,1622.4,0.04,103,3177,64,93258.55,1757.43,0.031,1517.88,none,30,39,0
2022-06,store,electric,inland,1991.31,0.063,49,3309,49,69690.42,2137.95,0.049,1517.88,none,30,0,1
2022-06,store,electric,metro,2182.84,0.046,111,3847,79,114396.54,2099,0.042,1517.88,none,30,32,0
2022-06,ecommerce,urban,coast,3062.7,0.031,233,7167,155,64696.5,3058.65,0.044,430.75,none,30,78,0
2022-06,ecommerce,urban,inland,3315.09,0.024,144,7324,142,59698.5,3584.35,0.03,430.75,none,30,2,0
2022-06,ecommerce,urban,metro,1245.85,0.065,220,5810,186,74911.73,1247.42,0.065,430.75,none,30,34,0
2022-06,ecommerce,mountain,coast,2952.41,0.057,206,6692,120,80078.81,3227.62,0.048,707.66,none,30,86,0
2022-06,ecommerce,mountain,inland,2158.26,0.085,114,6093,83,53743.24,2165.21,0.083,707.66,none,30,31,0
2022-06,ecommerce,mountain,metro,2518.45,0.042,188,6801,159,107792.19,2410.81,0.037,707.66,none,30,29,0
2022-06,ecommerce,electric,coast,2953.43,0.028,91,6402,87,128358,2899.04,0.034,1517.88,none,30,4,0
2022-06,ecommerce,electric,inland,3868.68,0.079,79,6963,69,96459.76,3733.7,0.069,1517.88,none,30,10,0
2022-06,ecommerce,electric,metro,2836.61,0.024,98,,86,127404.78,2774.56,0.023,1517.88,none,30,12,0
2022-07,store,urban,coast,4547.17,0.148,219,6570,217,79757.11,4336.16,0.156,431.39,summer,31,2,0
2022-07,store,urban,inland,5601.38,0.193,66,7433,66,22976.69,5191.66,0.191,431.39,summer,31,0,1
2022-07,store,urban,metro,2252.17,0.157,180,5210,180,65459.12,2038.63,0.153,431.39,summer,31,0,1
2022-07,store,mountain,coast,3042.45,0.147,167,4699,141,85238.68,2889.37,0.129,708.71,summer,31,26,0
2022-07,store,mountain,inland,2110.99,0.152,97,3681,81,48679.87,1939.23,0.169,708.71,summer,31,16,0
2022-07,store,mountain,metro,1665,0.202,143,3612,143,80873.73,1662.61,0.186,708.71,summer,31,0,1
2022-07,store,electric,coast,3870.76,0.1,79,5155,79,108081.95,4194.53,0.101,1520.14,summer,31,0,1
2022-07,store,electric,inland,1905.65,0.087,61,2964,48,66618.62,1990.54,0.076,1520.14,none,31,13,0
2022-07,store,electric,metro,4699.56,0.144,103,5628,103,134027.7,5155.76,0.15,1520.14,summer,31,0,0
2022-07,ecommerce,urban,coast,4727.63,0.125,218,9147,210,79267.91,,0.123,431.39,summer,31,8,0
2022-07,ecommerce,urban,inland,4408.19,0.156,181,8543,178,64808.58,4638.17,0.149,431.39,summer,31,3,0
2022-07,ecommerce,urban,metro,4174.37,0.042,206,8567,206,85133.95,3962.98,0.04,431.39,none,31,0,1
2022-07,ecommerce,mountain,coast,1597.84,0.157,133,6321,133,79459.86,1463.57,0.172,708.71,summer,31,0,1
2022-07,ecommerce,mountain,inland,1692.91,0.201,117,5612,99,56059.67,1722.68,0.195,708.71,summer,31,18,0
2022-07,ecommerce,mountain,metro,3197.75,0.15,200,7712,185,111444.65,3577.13,0.153,708.71,summer,31,15,0
2022-07,ecommerce,electric,coast,2889.49,0.101,96,6479,74,101128.83,3070.54,0.122,1520.14,summer,31,22,0
2022-07,ecommerce,electric,inland,4202,0.145,60,7641,60,77983.18,4289.57,0.151,1520.14,summer,31,0,1
2022-07,ecommerce,electric,metro,3263.6,0.127,116,6524,101,134035.3,3086.23,0.129,1520.14,summer,31,15,0
2022-08,store,urban,coast,3326.78,0.097,144,5260,144,56177.72,3370.55,0.095,432.03,none,31,0,1
2022-08,store,urban,inland,2546.8,0.012,107,3790,87,37135.57,2429.94,0.036,432.03,none,31,20,0
2022-08,store,urban,metro,3384.57,0.083,210,5382,176,69726.19,3701.91,0.094,432.03,none,31,34,0
2022-08,store,mountain,coast,2878.98,0.052,127,4940,107,71996.23,2697.12,0.039,709.77,none,31,20,0
2022-08,store,mountain,inland,2823.1,0.051,83,3960,67,45129.31,3153.87,0.051,709.77,none,31,16,0
2022-08,store,mountain,metro,1855.46,0.078,121,3430,107,70021.65,1915.01,0.067,709.77,none,31,14,0
2022-08,store,electric,coast,3312,0.06,63,4026,55,78708.08,3459.41,0.047,1522.4,none,31,8,0
2022-08,store,electric,inland,1988.12,0.08,65,3249,52,72831.62,2183.55,0.068,1522.4,none,31,13,0
2022-08,store,electric,metro,3550.99,0.032,101,4669,75,110526.24,3541.95,0.034,1522.4,none,31,26,0
2022-08,ecommerce,urban,coast,933.74,0.036,175,5400,156,64970.4,1048.61,0.041,432.03,none,31,19,0
2022-08,ecommerce,urban,inland,1064.66,0.072,89,5201,89,35682.22,1144.24,0.069,432.03,none,31,0,1
2022-08,ecommerce,urban,metro,2103.11,0.012,232,6333,171,72990.6,1990.86,0.015,432.03,none,31,61,0
2022-08,ecommerce,mountain,coast,3873.95,0.071,122,7848,122,80443.91,3597.21,0.057,709.77,none,31,0,1
2022-08,ecommerce,mountain,inland,2939.17,0.094,56,6594,56,36010.89,3295.26,0.097,709.77,none,31,0,1
2022-08,ecommerce,mountain,metro,1819.04,0.044,102,6123,102,69211.09,1862.6,0.055,709.77,none,31,0,1
2022-08,ecommerce,electric,coast,2345.42,0.041,46,5833,46,67159.15,2571.26,0.037,1522.4,none,31,0,1
2022-08,ecommerce,electric,inland,2871.33,0.037,56,5994,56,82099.99,3078.28,0.054,1522.4,none,31,0,1
2022-08,ecommerce,electric,metro,1640.65,0.107,123,5414,101,137309.82,1527.22,0.115,1522.4,none,31,22,0
2022-09,store,urban,coast,4290.26,0.047,211,5817,160,65975.05,3945.16,0.055,432.68,none,30,51,0
2022-09,store,urban,inland,3681.08,0.03,111,4717,111,46586.66,3969.05,0.037,432.68,none,30,0,1
2022-09,store,urban,metro,2627.25,0.022,214,4597,143,60512.03,2474.63,0.019,432.68,none,30,71,0
2022-09,store,mountain,coast,4402.41,0.024,96,5435,96,66600.99,4065.4,0.029,710.82,none,30,0,1
2022-09,store,mountain,inland,1314.86,0.055,84,2825,69,46349.02,1222.72,0.062,710.82,none,30,15,0
2022-09,store,mountain,metro,1315.21,0.002,155,2885,75,53204.88,1348.35,0.011,710.82,none,30,80,0
2022-09,store,electric,coast,3461.05,0,68,4743,44,67085.48,3547.86,0.01,1524.67,none,30,24,0
2022-09,store,electric,inland,3034.55,0.054,44,4061,39,56251.17,3011.27,0.058,1524.67,none,30,5,0
2022-09,store,electric,metro,4087.89,0.061,84,5120,81,115964.88,4060.27,0.071,1524.67,none,30,3,0
2022-09,ecommerce,urban,coast,1459.72,0.058,205,5676,131,53393.58,1568.84,0.041,432.68,none,30,74,0
2022-09,ecommerce,urban,inland,2268.27,0.045,110,6230,110,45453.03,2293.12,0.036,432.68,none,30,0,1
2022-09,ecommerce,urban,metro,3028.69,0.057,200,7258,187,76299.22,2822.88,0.055,432.68,none,30,13,0
2022-09,ecommerce,mountain,coast,2154.21,0.023,123,5957,90,62502.4,2102.26,0.027,710.82,none,30,33,0
2022-09,ecommerce,mountain,inland,3438,0.113,97,6523,88,55483.77,3752.01,0.106,710.82,none,30,9,0
2022-09,ecommerce,mountain,metro,2449.63,0.022,99,6534,99,68823.01,2403.3,0.028,710.82,none,30,0,1
2022-09,ecommerce,electric,coast,1593.86,0.055,73,4933,61,87889.6,1625.97,0.066,1524.67,none,30,12,0
2022-09,ecommerce,electric,inland,1641.85,0.02,46,4984,42,62755.42,1682.22,0.024,1524.67,none,30,4,0
2022-09,ecommerce,electric,metro,2211.32,0.084,76,5965,76,106141.43,2331.83,0.081,1524.67,none,30,0,0
2022-10,store,urban,coast,4113.45,0.03,125,5301,125,52540.05,3707.24,0.033,433.32,none,31,0,1
2022-10,store,urban,inland,3161.24,0.08,58,4436,58,23121.96,3134.87,0.084,433.32,none,31,0,1
2022-10,store,urban,metro,3592.91,0.062,156,5635,136,55277.77,3889.54,0.053,433.32,none,31,20,0
2022-10,store,mountain,coast,2304.97,0.078,96,3564,72,47257.44,2535.98,0.08,711.88,none,31,24,0
2022-10,store,mountain,inland,3580.72,0.024,64,4589,64,44466.87,3395.91,0.035,711.88,none,31,0,1
2022-10,store,mountain,metro,1013.64,0.054,105,2504,70,47140.69,1049.56,0.078,711.88,none,31,35,0
2022-10,store,electric,coast,,0.073,67,3173,42,59449.49,1505.79,0.075,1526.93,none,31,25,0
2022-10,store,electric,inland,3108.76,0.023,37,3840,37,55196.99,2949.79,0.022,1526.93,none,31,0,0
2022-10,store,electric,metro,3838.57,0.063,74,4938,74,105874.27,3990.82,0.055,1526.93,none,31,0,1
2022-10,ecommerce,urban,coast,3483.89,0.021,150,7267,143,60663.5,3895.43,0.026,433.32,none,31,7,0
2022-10,ecommerce,urban,inland,3880.9,0.029,126,7261,105,44179.14,4169.13,0.036,433.32,none,31,21,0
2022-10,ecommerce,urban,metro,3868.55,0.04,198,7713,142,59070.18,3864.38,0.031,433.32,none,31,56,0
2022-10,ecommerce,mountain,coast,1611.22,0.065,128,5306,83,55245.45,1793.62,0.063,711.88,none,31,45,0
2022-10,ecommerce,mountain,inland,3340.37,0.07,75,6679,67,44357.24,,0.075,711.88,none,31,8,0
2022-10,ecommerce,mountain,metro,3425.34,0.044,86,7297,86,58527.93,3677.24,0.055,711.88,none,31,0,1
2022-10,ecommerce,electric,coast,2949.17,0.047,88,5938,48,69847.89,3288.63,0.037,1526.93,none,31,40,0
2022-10,ecommerce,electric,inland,1555.58,0.058,57,4913,37,53219.62,1601.48,0.058,1526.93,none,31,20,0
2022-10,ecommerce,electric,metro,1160.04,0.071,93,4708,57,80855.52,1217.6,0.063,1526.93,none,31,36,0
2022-11,store,urban,coast,3601.51,0.137,116,5350,116,43442.87,3244.78,0.124,433.96,black_friday,30,0,1
2022-11,store,urban,inland,4059,0.08,104,5189,75,29943.24,3826.3,0.075,433.96,none,30,29,0
2022-11,store,urban,metro,4313.04,0.175,181,6212,181,64801.08,3985.21,0.163,433.96,black_friday,30,0,1
2022-11,store,mountain,coast,4689.52,0.178,104,5677,94,55087.45,4348.81,0.179,712.94,black_friday,30,10,0
2022-11,store,mountain,inland,2558.38,0.063,58,3800,43,28725.07,2671.93,0.072,712.94,none,30,15,0
2022-11,store,mountain,metro,2152.58,0.045,105,3600,56,38128.03,2253.06,0.054,712.94,none,30,49,0
2022-11,store,electric,coast,1866.48,0.126,55,2925,47,62816.89,1938.16,0.129,1529.21,black_friday,30,8,0
2022-11,store,electric,inland,4095.97,0.113,49,4975,43,58325.6,3917.18,0.122,1529.21,black_friday,30,6,0
2022-11,store,electric,metro,1658.17,0.19,73,3426,62,76796.93,1618.63,,1529.21,black_friday,30,11,0
2022-11,ecommerce,urban,coast,3121.98,0.219,151,7192,151,51177.34,3268.83,0.202,433.96,black_friday,30,0,1
2022-11,ecommerce,urban,inland,2324.17,0.166,109,6157,109,39449.57,2576.68,0.163,433.96,black_friday,30,0,1
2022-11,ecommerce,urban,metro,3837.36,0.149,195,8575,195,72013.49,4112.44,0.151,433.96,black_friday,30,0,1
2022-11,ecommerce,mountain,coast,2429.3,0.14,97,6036,91,55794.68,2341.29,0.164,712.94,black_friday,30,6,0
2022-11,ecommerce,mountain,inland,1744.46,0.147,88,5576,57,34663.86,1640.36,0.16,712.94,black_friday,30,31,0
2022-11,ecommerce,mountain,metro,2133.68,0.027,112,5730,103,71450.13,2048.67,0.036,712.94,none,30,9,0
2022-11,ecommerce,electric,coast,1767.69,0.178,82,5699,53,66621.56,1902.43,0.172,1529.21,black_friday,30,29,0
2022-11,ecommerce,electric,inland,3008.3,0.074,50,5818,45,63722.18,2745.32,0.08,1529.21,none,30,5,0
2022-11,ecommerce,electric,metro,4829.12,0.181,97,7570,76,95184.15,4852.37,0.179,1529.21,black_friday,30,21,0
2022-12,store,urban,coast,4406.65,0.022,172,5608,107,45480.2,4180.87,0.019,434.61,none,31,65,0
2022-12,store,urban,inland,4456,0.128,100,5825,85,32213.29,4413.63,0.123,434.61,christmas,31,15,0
2022-12,store,urban,metro,3479.06,0.114,184,5556,146,56219.41,3455.57,0.129,434.61,christmas,31,38,0
2022-12,store,mountain,coast,2482.58,0.024,68,4106,63,43902.43,2269.52,0.012,714,none,31,5,0
2022-12,store,mountain,inland,5737.76,0.173,46,6447,46,27161.99,5473.91,0.175,714,christmas,31,0,1
2022-12,store,mountain,metro,3926.13,0.041,75,5032,73,49985,3973.87,0.039,714,none,31,2,0
2022-12,store,electric,coast,3895.16,0.124,55,4936,46,61712.52,3950.2,0.134,1531.48,christmas,31,9,0
2022-12,store,electric,inland,1801.55,0.146,43,2890,37,48391.71,1934.43,0.152,1531.48,christmas,31,6,0
2022-12,store,electric,metro,3662.7,0.139,69,4534,69,90983.7,4108.63,0.135,1531.48,christmas,31,0,1
2022-12,ecommerce,urban,coast,1610.17,0.141,211,5694,133,49652.89,1610.03,0.147,434.61,christmas,31,78,0
2022-12,ecommerce,urban,inland,1386.96,0.151,129,5676,95,35053.47,1455.72,0.143,434.61,christmas,31,34,0
2022-12,ecommerce,urban,metro,2916.75,0.147,215,7378,195,72290.85,2688.73,0.144,434.61,christmas,31,20,0
2022-12,ecommerce,mountain,coast,5161.47,0.149,84,8329,84,51039.58,5266.18,0.159,714,christmas,31,0,1
2022-12,ecommerce,mountain,inland,3090.23,0.035,62,6169,62,42718.62,3175.61,0.044,714,none,31,0,1
2022-12,ecommerce,mountain,metro,1553.99,0.136,108,5603,108,66624.77,1576.92,0.143,714,christmas,31,0,1
2022-12,ecommerce,electric,coast,2722.56,0.128,69,6115,68,90810.64,2565.9,0.127,1531.48,christmas,31,1,0
2022-12,ecommerce,electric,inland,4354.08,0.121,48,7104,38,51154.49,3964.13,0.123,1531.48,christmas,31,10,0
2022-12,ecommerce,electric,metro,1709.29,0.179,67,5282,67,84242.12,1651.47,0.166,1531.48,christmas,31,0,1
2023-01,store,urban,coast,2045.91,0.047,131,3928,95,39406.26,2236.72,0.046,435.26,none,31,36,0
2023-01,store,urban,inland,2483.67,0.075,88,3764,80,32209.24,2480.21,0.068,435.26,none,31,8,0
2023-01,store,urban,metro,1271.4,0.008,183,3127,112,48359.13,1393.67,0.002,435.26,none,31,71,0
2023-01,store,mountain,coast,2417.88,0.04,82,3451,59,40501,2395.34,0.044,715.06,none,31,23,0
2023-01,store,mountain,inland,2821.93,0.047,62,3831,61,41568.58,3153.46,0.046,715.06,none,31,1,0
2023-01,store,mountain,metro,3707.69,0.022,100,4904,100,69932.87,4154.52,0.024,715.06,none,31,0,1
2023-01,store,electric,coast,1168.78,0.076,52,2552,48,68025.32,1057.88,0.067,1533.76,none,31,4,0
2023-01,store,electric,inland,2995.82,0.068,48,3820,33,47172.32,3129.98,0.057,1533.76,none,31,15,0
2023-01,store,electric,metro,3199.46,0.063,63,4474,49,70419.52,3439.12,0.063,1533.76,none,31,14,0
2023-01,ecommerce,urban,coast,3402.57,0.042,110,7167,110,45867.7,3762.61,0.034,435.26,none,31,0,1
2023-01,ecommerce,urban,inland,1863.2,0.017,128,5399,89,38079.59,1697.92,0.026,435.26,none,31,39,0
2023-01,ecommerce,urban,metro,3045.52,0.056,183,7033,148,60811.05,3178.94,0.064,435.26,none,31,35,0
2023-01,ecommerce,mountain,coast,1652.06,0.093,87,5109,68,44102.04,1838.75,0.082,715.06,none,31,19,0
2023-01,ecommerce,mountain,inland,2854.3,0.082,67,6003,52,34134.1,3108.38,0.077,715.06,none,31,15,0
2023-01,ecommerce,mountain,metro,3792.43,0.062,136,7134,89,59694.64,3705.25,0.064,715.06,none,31,47,0
2023-01,ecommerce,electric,coast,2072.83,0.086,33,5420,33,46261.27,1990.47,0.083,1533.76,none,31,0,1
2023-01,ecommerce,electric,inland,2943.35,0.088,47,5895,35,48957.62,3271.23,0.071,1533.76,none,31,12,0
2023-01,ecommerce,electric,metro,2998.37,0.068,88,6341,58,82908.93,2870.3,0.056,1533.76,none,31,30,0
2023-02,store,urban,coast,2152.11,0.067,156,,130,52870.31,1939.51,0.052,435.9,none,28,26,0
2023-02,store,urban,inland,3145.48,0.067,125,4201,89,36195.83,3507.35,0.071,435.9,none,28,36,0
2023-02,store,urban,metro,4192.86,0.063,195,5751,157,64124.81,4053.37,0.065,435.9,none,28,38,0
2023-02,store,mountain,coast,3497.81,0.053,68,4553,68,46115.91,3636.85,0.061,716.13,none,28,0,1
2023-02,store,mountain,inland,2080.19,0.059,71,3590,52,35041.67,,0.058,716.13,none,28,19,0
2023-02,store,mountain,metro,2159.76,0.106,92,3956,86,55058.94,2017.11,0.077,716.13,none,28,6,0
2023-02,store,electric,coast,3066.12,0.041,54,3987,49,72180.06,3268.89,0.041,1536.04,none,28,5,0
2023-02,store,electric,inland,3917.03,0.082,49,4581,35,49352.97,3947.42,0.081,1536.04,none,28,14,0
2023-02,store,electric,metro,3054.45,0.049,59,4302,53,77421.02,3338.17,0.055,1536.04,none,28,6,0
2023-02,ecommerce,urban,coast,2490.98,0.013,223,6598,168,72279.19,2415.12,0.015,435.9,none,28,55,0
2023-02,ecommerce,urban,inland,2028.39,0.019,155,5956,111,47465.59,1994,0.032,435.9,none,28,44,0
2023-02,ecommerce,urban,metro,3685.6,0.073,253,7723,198,80007.7,3805.63,0.058,435.9,none,28,55,0
2023-02,ecommerce,mountain,coast,2422.44,0.138,111,6083,105,64816.93,2645.99,0.132,716.13,none,28,6,0
2023-02,ecommerce,mountain,inland,3152.12,0.072,99,6217,66,43861.53,3298.79,0.077,716.13,none,28,33,0
2023-02,ecommerce,mountain,metro,1361.91,,132,5122,86,60170.67,1305.52,0.027,716.13,none,28,46,0
2023-02,ecommerce,electric,coast,3710.74,0.078,63,6960,61,86389.96,3698.83,0.065,1536.04,none,28,2,0
2023-02,ecommerce,electric,inland,3597.21,0.065,63,6553,46,66065.08,3353.12,0.059,1536.04,none,28,17,0
2023-02,ecommerce,electric,metro,3266.81,0.065,82,6651,64,91916.63,3498.21,0.054,1536.04,none,28,18,0
2023-03,store,urban,coast,1766.46,0.096,213,3991,148,58406.9,1596.2,0.094,436.55,none,31,65,0
2023-03,store,urban,inland,1374.62,0.067,132,3047,97,39508.21,1387.34,0.064,436.55,none,31,35,0
2023-03,store,urban,metro,1000.27,0.075,187,3268,141,56937.03,1062,0.068,436.55,none,31,46,0
2023-03,store,mountain,coast,2031.69,0.059,142,3915,83,56014.69,2200.01,0.059,717.19,none,31,59,0
2023-03,store,mountain,inland,1501.08,0.083,73,3066,64,42090.45,1648.99,0.083,717.19,none,31,9,0
2023-03,store,mountain,metro,3584.37,0.044,112,5071,111,76105.33,3502.66,0.04,717.19,none,31,1,0
2023-03,store,electric,coast,3680.05,0.06,57,4559,57,82423.72,3732.85,0.063,1538.33,none,31,0,0
2023-03,store,electric,inland,1402.65,0.05,46,2320,34,49688.06,1395.67,0.056,1538.33,none,31,12,0
2023-03,store,electric,metro,3654.4,0.035,50,4508,39,57895.05,3633.16,0.036,1538.33,none,31,11,0
2023-03,ecommerce,urban,coast,4414.51,0.057,234,8466,212,87273.33,4045.35,0.071,436.55,none,31,22,0
2023-03,ecommerce,urban,inland,1237.42,0.042,154,5391,93,38893.99,1201.29,0.045,436.55,none,31,61,0
2023-03,ecommerce,urban,metro,2097.56,0.087,227,6581,182,72539.77,2016.1,0.075,436.55,none,31,45,0
2023-03,ecommerce,mountain,coast,2142.83,0.077,148,5843,101,66858.6,1984.68,0.078,717.19,none,31,47,0
2023-03,ecommerce,mountain,inland,2067.07,0.077,102,5412,68,45013.71,1957.64,0.067,717.19,none,31,34,0
2023-03,ecommerce,mountain,metro,1270.26,0.057,188,5265,105,71012.57,1281.06,0.052,717.19,none,31,83,0
2023-03,ecommerce,electric,coast,2634.86,0.051,105,6486,66,96351.76,2384.23,0.051,1538.33,none,31,39,0
2023-03,ecommerce,electric,inland,2088.79,0.056,56,5433,51,74061.36,2105.1,0.06,1538.33,none,31,5,0
2023-03,ecommerce,electric,metro,1048.93,0.066,81,4509,62,89081.61,1035.85,0.065,1538.33,none,31,19,0
2023-04,store,urban,coast,1880.47,0.052,150,3633,150,62169.84,1856.18,,437.2,none,30,0,1
2023-04,store,urban,inland,2818.56,0.016,102,4413,89,38288.23,2667.12,0.019,437.2,none,30,13,0
2023-04,store,urban,metro,2509.42,0.135,233,5094,167,63155.73,2777.34,0.142,437.2,spring,30,66,0
2023-04,store,mountain,coast,4727.99,0.106,105,6460,105,67423.07,4463.91,0.122,718.26,spring,30,0,1
2023-04,store,mountain,inland,4297.36,0.13,93,5529,92,57489.53,4600.64,0.11,718.26,spring,30,1,0
2023-04,store,mountain,metro,1686.62,0.18,152,4298,152,89523.93,1565.44,0.178,718.26,spring,30,0,1
2023-04,store,electric,coast,3987.48,0.163,90,5007,49,63185.45,4468.38,0.157,1540.62,spring,30,41,0
2023-04,store,electric,inland,2861.22,0.154,50,3849,50,65168.23,2763.86,0.156,1540.62,spring,30,0,1
2023-04,store,electric,metro,4747.38,0.144,94,5785,74,97589.03,4416.21,0.142,1540.62,spring,30,20,0
2023-04,ecommerce,urban,coast,2172.05,0.095,268,6861,231,91398.85,2011.47,0.1,437.2,spring,30,37,0
2023-04,ecommerce,urban,inland,2133.58,0.153,173,6272,151,55916.57,2056.9,0.145,437.2,spring,30,22,0
2023-04,ecommerce,urban,metro,3540.71,0.058,203,7901,197,81132.95,3738.01,0.065,437.2,none,30,6,0
2023-04,ecommerce,mountain,coast,1576,0.17,178,5668,98,58423.27,1427.44,0.178,718.26,spring,30,80,0
2023-04,ecommerce,mountain,inland,2471.09,0.156,87,5980,87,52740.4,2476.08,0.155,718.26,spring,30,0,1
2023-04,ecommerce,mountain,metro,3806.01,0.057,216,7551,152,102952.52,3565.56,0.058,718.26,none,30,64,0
2023-04,ecommerce,electric,coast,4162.81,0.11,89,7871,89,122032.51,3900.27,0.127,1540.62,spring,30,0,1
2023-04,ecommerce,electric,inland,5149.55,0.116,80,8058,55,74904.94,4869.9,0.123,1540.62,spring,30,25,0
2023-04,ecommerce,electric,metro,1964.02,0.153,134,5928,73,95258.08,,0.17,1540.62,spring,30,61,0
2023-05,store,urban,coast,2557.32,0.054,173,4513,128,53018.38,2451.97,0.06,437.85,none,31,45,0
2023-05,store,urban,inland,1976.55,0.022,167,3597,99,42393.51,2041.3,0.033,437.85,none,31,68,0
2023-05,store,urban,metro,4232.73,0.042,230,5770,138,57885.52,4020.08,0.033,437.85,none,31,92,0
2023-05,store,mountain,coast,3690.43,0.028,157,5143,120,83902.65,3987.07,0.037,719.33,none,31,37,0
2023-05,store,mountain,inland,3294.99,0.097,108,4497,91,59109.5,3176.54,0.089,719.33,none,31,17,0
2023-05,store,mountain,metro,1575.03,0.069,137,3776,120,80363.55,1561.99,0.065,719.33,none,31,17,0
2023-05,store,electric,coast,3976.72,0.046,100,4703,97,142777.81,3910.95,0.05,1542.91,none,31,3,0
2023-05,store,electric,inland,1821.67,0.079,69,3120,47,66787.95,1762.2,0.083,1542.91,none,31,22,0
2023-05,store,electric,metro,3862.99,0.067,89,4838,75,107965.13,4087.73,0.066,1542.91,none,31,14,0
2023-05,ecommerce,urban,coast,3469.72,0.072,253,7501,183,74357.44,3624.47,0.083,437.85,none,31,70,0
2023-05,ecommerce,urban,inland,3453.46,0.074,167,7266,129,52302.93,3870.99,0.06,437.85,none,31,38,0
2023-05,ecommerce,urban,metro,2643.98,0.051,301,7354,171,71053.86,2558.37,0.056,437.85,none,31,130,0
2023-05,ecommerce,mountain,coast,3854.31,0.101,165,7517,138,89241.52,3717.04,0.093,719.33,none,31,27,0
2023-05,ecommerce,mountain,inland,1736.5,0.068,99,5664,74,49610.75,1927.13,0.055,719.33,none,31,25,0
2023-05,ecommerce,mountain,metro,2355.63,0.083,246,6288,142,93666.84,2145.43,0.081,719.33,none,31,104,0
2023-05,ecommerce,electric,coast,4092.64,0.074,92,7266,92,131443.59,3795.5,0.083,1542.91,none,31,0,1
2023-05,ecommerce,electric,inland,3664.95,0.087,61,6810,61,85929.29,3402.92,0.088,1542.91,none,31,0,1
2023-05,ecommerce,electric,metro,3402.3,0.045,138,7129,85,125245.72,3817.02,0.032,1542.91,none,31,53,0
2023-06,store,urban,coast,1122.14,0.106,226,3779,155,60762.94,1016.84,0.106,438.5,none,30,71,0
2023-06,store,urban,inland,3251,0.036,140,,118,49880.25,3477.59,0.049,438.5,none,30,22,0
2023-06,store,urban,metro,2423.09,0.053,238,4464,145,60212.63,2204.09,0.054,438.5,none,30,93,0
2023-06,store,mountain,coast,3305.26,0.084,119,4992,118,77866.6,3524.14,0.09,720.4,none,30,1,0
2023-06,store,mountain,inland,3263.78,0.052,95,4436,78,53269.26,3430.23,0.06,720.4,none,30,17,0
2023-06,store,mountain,metro,920.68,0.061,173,2803,112,75763.03,1023.51,0.057,720.4,none,30,61,0
2023-06,store,electric,coast,3909.64,0.071,76,5016,75,107661.81,3972.64,0.079,1545.2,none,30,1,0
2023-06,store,electric,inland,1536.39,0.051,72,2530,42,61588.58,1634.8,0.052,1545.2,none,30,30,0
2023-06,store,electric,metro,3788.56,,121,5065,73,104790.83,3636.74,0.082,1545.2,none,30,48,0
2023-06,ecommerce,urban,coast,2416.83,0.099,278,,189,74671.73,2331.55,0.092,438.5,none,30,89,0
2023-06,ecommerce,urban,inland,4050.73,0.034,183,7756,142,60149.92,3899.66,0.028,438.5,none,30,41,0
2023-06,ecommerce,urban,metro,2190.4,0.041,265,7175,215,90412.12,2020.61,0.044,438.5,none,30,50,0
2023-06,ecommerce,mountain,coast,2792.63,0.042,205,6947,135,93169.33,2602.38,0.045,720.4,none,30,70,0
2023-06,ecommerce,mountain,inland,2935.08,0.074,128,6408,108,72045.76,3019.54,0.078,720.4,none,30,20,0
2023-06,ecommerce,mountain,metro,2533.54,0.045,255,6769,141,97005.46,2475.6,0.055,720.4,none,30,114,0
2023-06,ecommerce,electric,coast,1523.1,0.037,116,5411,85,126482.35,1532.91,0.043,1545.2,none,30,31,0
2023-06,ecommerce,electric,inland,3112.14,0.047,82,6361,53,78046.51,3402.34,0.058,1545.2,none,30,29,0
2023-06,ecommerce,electric,metro,1013.8,0.101,130,4824,63,87515.49,1098.87,0.097,1545.2,none,30,67,0
2023-07,store,urban,coast,4830.12,0.163,203,6499,193,70942.35,4432.16,0.158,439.16,summer,31,10,0
2023-07,store,urban,inland,5932.55,0.163,122,7384,122,44844.38,5643.56,0.17,439.16,summer,31,0,1
2023-07,store,urban,metro,3122.67,0.133,249,5634,191,72723.58,3254.8,0.152,439.16,summer,31,58,0
2023-07,store,mountain,coast,4539.03,0.079,155,6294,126,83723.71,4955.23,0.087,721.47,summer,31,29,0
2023-07,store,mountain,inland,3665.51,0.059,122,5109,104,70605.94,3347.33,0.051,721.47,none,31,18,0
2023-07,store,mountain,metro,2500.11,0.118,202,4300,180,114540.58,2772.18,0.135,721.47,summer,31,22,0
2023-07,store,electric,coast,2887.15,,92,4580,63,82673.64,2721.41,0.142,1547.5,summer,31,29,0
2023-07,store,electric,inland,3968.86,0.047,62,4860,37,54566.4,4180.81,0.036,1547.5,none,31,25,0
2023-07,store,electric,metro,4439.44,0.133,57,5385,57,76475.9,4951.36,0.135,1547.5,summer,31,0,1
2023-07,ecommerce,urban,coast,2136.37,0.125,233,6584,182,69936.23,1947.03,0.135,439.16,summer,31,51,0
2023-07,ecommerce,urban,inland,4074.17,0.07,111,8020,111,45334.49,3698.33,0.083,439.16,none,31,0,1
2023-07,ecommerce,urban,metro,1898.4,0.141,241,6974,241,90914.46,1778.04,0.154,439.16,summer,31,0,1
2023-07,ecommerce,mountain,coast,1985.62,0.028,177,6130,141,98878.91,1789.51,0.04,721.47,none,31,36,0
2023-07,ecommerce,mountain,inland,4957.38,0.125,98,8444,98,61866.05,5428.24,0.138,721.47,summer,31,0,1
2023-07,ecommerce,mountain,metro,2027.95,0.025,237,5961,138,97073.79,2020.85,0.012,721.47,none,31,99,0
2023-07,ecommerce,electric,coast,5430.66,0.16,117,8795,117,152088.3,5216.1,0.144,1547.5,summer,31,0,1
2023-07,ecommerce,electric,inland,3613.15,0.139,84,6814,84,111921.39,3509.8,0.144,1547.5,summer,31,0,1
2023-07,ecommerce,electric,metro,3050.31,0.157,145,6969,130,169590.52,3403.82,0.147,1547.5,summer,31,15,0
2023-08,store,urban,coast,2534.69,0.032,234,4826,169,71949.4,2585.45,0.042,439.81,none,31,65,0
2023-08,store,urban,inland,2362.88,0.044,110,4166,96,40364,2612.06,0.038,439.81,none,31,14,0
2023-08,store,urban,metro,3417.47,0.017,220,5459,152,65714.65,3181.4,0,439.81,none,31,68,0
2023-08,store,mountain,coast,2118.23,0.058,150,3804,108,73508.33,2129.46,0.061,722.54,none,31,42,0
2023-08,store,mountain,inland,1377.33,0.046,54,2847,54,37222.37,1303.68,0.05,722.54,none,31,0,1
2023-08,store,mountain,metro,1748.01,0.059,159,3517,129,87708.41,1771.98,0.057,722.54,none,31,30,0
2023-08,store,electric,coast,2324.07,0.057,57,4106,57,83303.3,2394.21,0.058,1549.8,none,31,0,1
2023-08,store,electric,inland,1110.94,0.053,51,2372,41,60174.08,1211.24,0.078,1549.8,none,31,10,0
2023-08,store,electric,metro,2883.73,0.034,115,3966,97,145219.36,2842.7,0.049,1549.8,none,31,18,0
2023-08,ecommerce,urban,coast,2365.45,0.09,242,6836,233,93252.91,2482.33,0.079,439.81,none,31,9,0
2023-08,ecommerce,urban,inland,2765.67,0.082,172,6732,162,65406.78,2554.49,0.08,439.81,none,31,10,0
2023-08,ecommerce,urban,metro,2677.85,0.059,170,7622,170,70356.41,2629.15,0.056,439.81,none,31,0,1
2023-08,ecommerce,mountain,coast,2000.16,0.059,147,5723,133,90428.05,1838.11,0.057,722.54,none,31,14,0
2023-08,ecommerce,mountain,inland,3885.83,0.018,136,7372,86,61019.95,3626.64,0.018,722.54,none,31,50,0
2023-08,ecommerce,mountain,metro,4106.3,0.062,213,8050,190,128771.08,4074.79,0.059,722.54,none,31,23,0
2023-08,ecommerce,electric,coast,3965.91,0.088,110,7127,95,134274.67,3672.28,0.079,1549.8,none,31,15,0
2023-08,ecommerce,electric,inland,1373.12,0.056,63,4880,48,70224.54,1333.58,0.054,1549.8,none,31,15,0
2023-08,ecommerce,electric,metro,1155.83,0.084,117,5234,77,109310.49,1208.82,0.078,1549.8,none,31,40,0
2023-09,store,urban,coast,3313.49,0.068,166,5358,161,66091.9,3666.18,0.058,440.46,none,30,5,0
2023-09,store,urban,inland,2102.16,0.031,119,3463,90,38412.52,2093.87,0.035,440.46,none,30,29,0
2023-09,store,urban,metro,1517.92,0.069,227,3422,133,54539.08,1704.04,0.066,440.46,none,30,94,0
2023-09,store,mountain,coast,3857.4,0.03,94,5160,93,65277.76,3912.34,0.023,723.62,none,30,1,0
2023-09,store,mountain,inland,1437.78,0.061,66,3054,56,38050.83,1391.8,0.065,723.62,none,30,10,0
2023-09,store,mountain,metro,3209.9,0.059,148,4642,94,64007.08,3576.55,0.057,723.62,none,30,54,0
2023-09,store,electric,coast,2656.62,0.056,60,3512,56,82050.74,2504.37,0.044,1552.11,none,30,4,0
2023-09,store,electric,inland,4108.28,0.007,48,4874,32,49319.85,4014.82,0.008,1552.11,none,30,16,0
2023-09,store,electric,metro,1100.65,0.059,82,2583,82,119763.91,1053.37,0.059,1552.11,none,30,0,1
2023-09,ecommerce,urban,coast,1793.89,0.048,241,6451,151,63317.01,1666.14,0.058,440.46,none,30,90,0
2023-09,ecommerce,urban,inland,2626.83,0.029,143,6800,118,50467.03,2438.37,0.046,440.46,none,30,25,0
2023-09,ecommerce,urban,metro,2771.74,0.073,246,7618,212,86560.96,3074.36,0.069,440.46,none,30,34,0
2023-09,ecommerce,mountain,coast,1938.21,0.002,112,5501,85,61384.68,2078.8,0.003,723.62,none,30,27,0
2023-09,ecommerce,mountain,inland,1979.08,0.08,85,5533,70,46601.13,1905.17,0.084,723.62,none,30,15,0
2023-09,ecommerce,mountain,metro,3482.06,0.081,147,7318,147,97756,3418.72,0.086,723.62,none,30,0,1
2023-09,ecommerce,electric,coast,3367.14,0.021,92,6729,73,110924.65,3676.58,0.031,1552.11,none,30,19,0
2023-09,ecommerce,electric,inland,3078.22,0.094,68,6293,58,81560.28,2784.27,0.101,1552.11,none,30,10,0
2023-09,ecommerce,electric,metro,3751.35,0.054,120,6943,88,129210.05,4133.5,0.05,1552.11,none,30,32,0
2023-10,store,urban,coast,4008.38,0.058,153,5850,146,60668.12,3619.74,0.072,441.12,none,31,7,0
2023-10,store,urban,inland,2475.41,0.051,94,4054,82,34327.08,2351.99,0.054,441.12,none,31,12,0
2023-10,store,urban,metro,3678.59,0.058,228,5738,175,72718.63,4004.79,0.048,441.12,none,31,53,0
2023-10,store,mountain,coast,2515.98,0.028,109,3722,60,42264.5,2685.97,,724.7,none,31,49,0
2023-10,store,mountain,inland,1055.84,0.064,60,2615,47,31881,1056.55,0.063,724.7,none,31,13,0
2023-10,store,mountain,metro,2542.2,0.059,101,3724,94,64102.61,2300.67,0.068,724.7,none,31,7,0
2023-10,store,electric,coast,1997.04,0.062,60,3374,49,71444.25,1845.23,0.061,1554.42,none,31,11,0
2023-10,store,electric,inland,1672.52,0.076,38,3204,38,54578.8,1603.66,0.081,1554.42,none,31,0,1
2023-10,store,electric,metro,3162.93,0.065,64,4456,64,93016.49,3023.22,0.058,1554.42,none,31,0,1
2023-10,ecommerce,urban,coast,3257.87,0.043,161,7480,150,63322.78,3327.32,0.027,441.12,none,31,11,0
2023-10,ecommerce,urban,inland,2863.6,0.076,157,6377,99,40351.89,2874.28,0.069,441.12,none,31,58,0
2023-10,ecommerce,urban,metro,1206.39,0.015,192,5783,153,66478.99,1206.77,0.04,441.12,none,31,39,0
2023-10,ecommerce,mountain,coast,3365.04,0.077,106,7047,106,70903.2,3447.36,0.082,724.7,none,31,0,1
2023-10,ecommerce,mountain,inland,3779.62,0.058,74,7106,63,43008.05,3805.45,0.056,724.7,none,31,11,0
2023-10,ecommerce,mountain,metro,1386.32,0.012,158,5247,89,63724.32,1453.06,0.02,724.7,none,31,69,0
2023-10,ecommerce,electric,coast,4056.63,0.074,70,7012,70,100757.5,3918.31,0.065,1554.42,none,31,0,1
2023-10,ecommerce,electric,inland,2747.17,0.057,65,5807,52,76222.54,2833.93,0.045,1554.42,none,31,13,0
2023-10,ecommerce,electric,metro,3990.02,0.046,113,7306,89,131979.58,4147.05,0.051,1554.42,none,31,24,0
2023-11,store,urban,coast,1806.26,0.054,144,3692,120,50150.87,1669.31,0.058,441.78,none,30,24,0
2023-11,store,urban,inland,3179.96,0.17,118,4625,100,36667.74,3062.79,0.172,441.78,black_friday,30,18,0
2023-11,store,urban,metro,4212.66,0.157,149,6514,149,55490.66,4149.57,0.163,441.78,black_friday,30,0,1
2023-11,store,mountain,coast,3651.88,0.104,102,4946,68,44219.71,3781.14,0.092,725.77,none,30,34,0
2023-11,store,mountain,inland,2456.48,0.115,74,3646,56,35969.16,2395.95,0.122,725.77,black_friday,30,18,0
2023-11,store,mountain,metro,4848.77,0.175,112,6080,95,56882.22,4811.67,0.17,725.77,black_friday,30,17,0
2023-11,store,electric,coast,2021.32,0.167,63,3185,59,76508.61,1990.29,0.164,1556.73,black_friday,30,4,0
2023-11,store,electric,inland,2558.15,0.144,49,4136,40,53302.44,2806.16,0.148,1556.73,black_friday,30,9,0
2023-11,store,electric,metro,1268.63,0.07,56,2401,52,75283.46,1173.98,0.089,1556.73,none,30,4,0
2023-11,ecommerce,urban,coast,5055,0.152,158,9055,158,59191.45,4693.84,0.15,441.78,black_friday,30,0,1
2023-11,ecommerce,urban,inland,5288.9,0.152,99,8916,99,37088.31,5645.75,0.156,441.78,black_friday,30,0,1
2023-11,ecommerce,urban,metro,3484.94,0.032,232,7732,147,62863.53,3698.86,0.039,441.78,none,30,85,0
2023-11,ecommerce,mountain,coast,4773.97,0.107,112,7889,84,54441.46,4833,0.112,725.77,black_friday,30,28,0
2023-11,ecommerce,mountain,inland,2035.55,0.161,38,5500,38,23139,2159.83,0.167,725.77,black_friday,30,0,1
2023-11,ecommerce,mountain,metro,2064.36,0.122,119,5734,104,66271.51,1880.79,0.121,725.77,black_friday,30,15,0
2023-11,ecommerce,electric,coast,3341,0.087,61,6161,57,81013.79,3729.56,0.081,1556.73,none,30,4,0
2023-11,ecommerce,electric,inland,4429.55,0.124,46,7275,46,62729.99,4557.94,0.127,1556.73,black_friday,30,0,1
2023-11,ecommerce,electric,metro,1056.6,0.036,77,4971,50,75034.39,1122.5,0.049,1556.73,none,30,27,0
2023-12,store,urban,coast,3149.39,0.085,130,4780,119,48173.99,3309.02,0.083,442.43,none,31,11,0
2023-12,store,urban,inland,2000.46,0.063,113,3783,92,38139.24,2161.62,0.067,442.43,none,31,21,0
2023-12,store,urban,metro,3555.51,0.144,182,5650,164,62110.09,3738.86,0.133,442.43,christmas,31,18,0
2023-12,store,mountain,coast,1258.82,0.061,83,2204,57,38903.19,1363.53,0.067,726.85,none,31,26,0
2023-12,store,mountain,inland,1909.78,0.147,45,3286,38,23560.12,2026.6,,726.85,christmas,31,7,0
2023-12,store,mountain,metro,1801.39,0.142,61,3520,61,38041.88,1861.07,0.142,726.85,christmas,31,0,1
2023-12,store,electric,coast,2954.43,0.18,59,4120,59,75426.84,3144.88,0.179,1559.05,christmas,31,0,1
2023-12,store,electric,inland,4694.66,0.143,35,5431,35,46763.7,4249.49,0.146,1559.05,christmas,31,0,1
2023-12,store,electric,metro,3776.26,0.154,40,4871,40,52758.25,3495.04,0.143,1559.05,christmas,31,0,1
2023-12,ecommerce,urban,coast,1942.11,0.018,170,6169,133,57784.01,2041.63,0.03,442.43,none,31,37,0
2023-12,ecommerce,urban,inland,,0.132,114,7009,114,43779.33,3417.51,0.128,442.43,christmas,31,0,1
2023-12,ecommerce,urban,metro,3857.91,0.045,172,7682,152,64223.14,3893.54,0.044,442.43,none,31,20,0
2023-12,ecommerce,mountain,coast,2634.3,0.17,85,6103,80,48262.84,2823.87,0.159,726.85,christmas,31,5,0
2023-12,ecommerce,mountain,inland,2321.86,0.02,79,5660,52,37040.28,2354.4,0.026,726.85,none,31,27,0
2023-12,ecommerce,mountain,metro,4291.47,0.175,126,7857,108,64762.33,4716.8,0.161,726.85,christmas,31,18,0
2023-12,ecommerce,electric,coast,1656.64,0.087,81,5070,42,59783.33,1734.67,0.076,1559.05,none,31,39,0
2023-12,ecommerce,electric,inland,3300.86,0.159,31,6670,31,40645.99,3062.75,0.16,1559.05,christmas,31,0,1
2023-12,ecommerce,electric,metro,3267.26,0.164,100,6445,98,127729.85,3122.83,0.15,1559.05,christmas,31,2,0
2024-01,store,urban,coast,2283.83,0.059,145,4199,125,52118.46,2308.92,0.057,443.09,none,31,20,0
2024-01,store,urban,inland,3924.17,0.056,84,5272,84,35135.26,4011.47,0.054,443.09,none,31,0,1
2024-01,store,urban,metro,3220.01,0.057,203,,138,57661.07,3273.74,0.056,443.09,none,31,65,0
2024-01,store,mountain,coast,2410.53,0.068,96,4036,88,59701.91,2495.46,0.06,727.93,none,31,8,0
2024-01,store,mountain,inland,3496.78,0.046,64,4364,46,31944.48,3238.11,0.055,727.93,none,31,18,0
2024-01,store,mountain,metro,3070.1,0.048,100,4604,80,55439.15,3253.44,0.054,727.93,none,31,20,0
2024-01,store,electric,coast,954.29,0.093,56,2543,50,70808.13,1050.4,0.078,1561.37,none,31,6,0
2024-01,store,electric,inland,3237.58,0.051,34,3967,22,32598.28,3340.55,0.034,1561.37,none,31,12,0
2024-01,store,electric,metro,3202.32,0.068,57,4118,49,71304.65,3537.84,0.068,1561.37,none,31,8,0
2024-01,ecommerce,urban,coast,2460.18,0.06,144,6693,144,59976.66,2551.79,0.065,443.09,none,31,0,1
2024-01,ecommerce,urban,inland,2732.79,0.063,129,6442,116,48160.34,2596.59,0.044,443.09,none,31,13,0
2024-01,ecommerce,urban,metro,1267.11,0.048,241,5346,144,60742.32,1220.36,0.051,443.09,none,31,97,0
2024-01,ecommerce,mountain,coast,3157.46,0.073,113,6497,95,64105.16,2872.52,0.069,727.93,none,31,18,0
2024-01,ecommerce,mountain,inland,3759.57,0.062,42,6623,42,28677.53,3659.96,0.062,727.93,none,31,0,1
2024-01,ecommerce,mountain,metro,1745,0.062,101,5395,69,47113.09,1876.46,0.061,727.93,none,31,32,0
2024-01,ecommerce,electric,coast,1819.01,0.025,68,5093,55,83728.47,1924.76,0.021,1561.37,none,31,13,0
2024-01,ecommerce,electric,inland,2240.23,0.068,53,5421,40,58207.87,2329.14,0.077,1561.37,none,31,13,0
2024-01,ecommerce,electric,metro,4446.69,0.067,92,7600,92,134021.76,4085.75,0.06,1561.37,none,31,0,0
2024-02,store,urban,coast,1793.51,0.056,170,3643,123,51524.7,1779,0.049,443.75,none,29,47,0
2024-02,store,urban,inland,2851.79,0.057,98,3990,94,39334.89,2929.47,0.069,443.75,none,29,4,0
2024-02,store,urban,metro,1077.92,0.037,220,3047,100,42733.12,1065.96,0.047,443.75,none,29,120,0
2024-02,store,mountain,coast,1621.29,0.046,100,3193,81,56334.29,1495.69,0.049,729.02,none,29,19,0
2024-02,store,mountain,inland,3347.76,0.033,38,4458,38,26788.57,3284.77,0.025,729.02,none,29,0,1
2024-02,store,mountain,metro,2099.28,0.086,94,3828,94,62634.48,2281.17,0.064,729.02,none,29,0,1
2024-02,store,electric,coast,1884.29,0.05,77,3146,40,59420.22,1814.84,0.055,1563.69,none,29,37,0
2024-02,store,electric,inland,3975,0.031,42,4819,36,54547.76,3593.18,0.027,1563.69,none,29,6,0
2024-02,store,electric,metro,2596.84,0.08,76,3577,72,103578.83,2342.8,0.075,1563.69,none,29,4,0
2024-02,ecommerce,urban,coast,3534.12,0.054,167,7627,159,66746.21,3557.37,0.044,443.75,none,29,8,0
2024-02,ecommerce,urban,inland,3598.47,0.034,79,7000,79,33864.34,3284.2,0.028,443.75,none,29,0,1
2024-02,ecommerce,urban,metro,2885.29,0.078,216,7465,216,88373.7,2753.16,0.083,443.75,none,29,0,1
2024-02,ecommerce,mountain,coast,1752.75,0.036,136,5755,108,75899.73,1954,0.047,729.02,none,29,28,0
2024-02,ecommerce,mountain,inland,3034.72,0.055,89,6447,62,42713.28,2969.96,0.041,729.02,none,29,27,0
2024-02,ecommerce,mountain,metro,2900.1,0.05,148,6734,109,75490.02,2921.82,0.056,729.02,none,29,39,0
2024-02,ecommerce,electric,coast,3408.33,0.072,85,6829,75,108832.82,3520.92,0.074,1563.69,none,29,10,0
2024-02,ecommerce,electric,inland,2542.55,0.039,65,5626,51,76638.01,2502.01,0.04,1563.69,none,29,14,0
2024-02,ecommerce,electric,metro,3498.53,0.037,88,6720,82,123478.34,3805.46,0.042,1563.69,none,29,6,0
2024-03,store,urban,coast,2035.8,0.08,197,4085,133,54378.01,2186.86,0.08,444.41,none,31,64,0
2024-03,store,urban,inland,2488.3,0.085,112,4198,112,45543.14,2374.39,0.086,444.41,none,31,0,1
2024-03,store,urban,metro,2297.32,0.017,199,3750,117,51112.04,2367.87,0.031,444.41,none,31,82,0
2024-03,store,mountain,coast,3870.66,0.045,92,5115,91,63449.34,3578.06,0.036,730.1,none,31,1,0
2024-03,store,mountain,inland,2657.35,0.039,95,3555,66,46307.32,2707.19,0.049,730.1,none,31,29,0
2024-03,store,mountain,metro,1588.1,,154,3140,93,63350.05,1678.66,0.065,730.1,none,31,61,0
2024-03,store,electric,coast,1534.16,0.06,92,2820,56,82435.29,1643.45,0.048,1566.02,none,31,36,0
2024-03,store,electric,inland,2031.71,0.064,38,2931,28,41042.25,1989.46,,1566.02,none,31,10,0
2024-03,store,electric,metro,3378.21,0.073,101,4427,66,95812.24,3656.81,0.085,1566.02,none,31,35,0
2024-03,ecommerce,urban,coast,2074.36,0.094,256,6560,216,86969.26,2304.89,0.089,444.41,none,31,40,0
2024-03,ecommerce,urban,inland,2766.43,0.016,107,6460,94,41106.15,2882.13,0.026,444.41,none,31,13,0
2024-03,ecommerce,urban,metro,1484.97,0.1,129,6035,129,51596,1462.7,0.097,444.41,none,31,0,1
2024-03,ecommerce,mountain,coast,1469.69,0.068,143,5656,106,72128.04,1530.38,0.054,730.1,none,31,37,0
2024-03,ecommerce,mountain,inland,2873.63,0.045,108,6257,87,60660.36,2923.86,0.034,730.1,none,31,21,0
2024-03,ecommerce,mountain,metro,,0.069,186,5977,107,72730.37,2154.48,0.072,730.1,none,31,79,0
2024-03,ecommerce,electric,coast,4194.88,0.024,82,7228,82,125331.71,3897.57,0.029,1566.02,none,31,0,1
2024-03,ecommerce,electric,inland,3759.58,0.06,54,6631,49,72130.88,3979.2,0.059,1566.02,none,31,5,0
2024-03,ecommerce,electric,metro,2721.51,0.046,126,6078,82,122506.61,2814.78,0.047,1566.02,none,31,44,0
2024-04,store,urban,coast,5790.69,0.143,179,7598,179,68275.07,5598.19,0.147,445.07,spring,30,0,1
2024-04,store,urban,inland,3398.53,0.018,108,5022,96,41957.64,3354.59,0.02,445.07,none,30,12,0
2024-04,store,urban,metro,3458.48,0.138,177,5607,151,57931.2,3446.36,0.148,445.07,spring,30,26,0
2024-04,store,mountain,coast,4754.85,0.117,128,6158,111,71666.13,4539.72,0.129,731.19,spring,30,17,0
2024-04,store,mountain,inland,1387.19,0.145,105,2656,84,52514.07,1509.49,0.143,731.19,spring,30,21,0
2024-04,store,mountain,metro,4213.98,0.12,178,6129,161,103595,4389.93,0.127,731.19,spring,30,17,0
2024-04,store,electric,coast,5022.95,0.149,105,6104,92,122789.26,4596.97,0.166,1568.35,spring,30,13,0
2024-04,store,electric,inland,1187.94,0.039,54,2451,47,70837.66,1110.86,0.042,1568.35,none,30,7,0
2024-04,store,electric,metro,5262.51,0.127,121,5865,83,113641.07,5371.65,0.13,1568.35,spring,30,38,0
2024-04,ecommerce,urban,coast,5124.32,0.18,238,9293,238,86859.86,5433.87,0.186,445.07,spring,30,0,1
2024-04,ecommerce,urban,inland,4001.51,0.195,132,8261,132,47293.14,3615.44,0.181,445.07,spring,30,0,1
2024-04,ecommerce,urban,metro,2673.38,0.086,255,7470,189,76884.06,2498.54,0.097,445.07,spring,30,66,0
2024-04,ecommerce,mountain,coast,2376.17,0.151,137,6440,137,85046.9,2549.33,0.159,731.19,spring,30,0,1
2024-04,ecommerce,mountain,inland,,0.06,131,7149,93,63920.63,3583.8,0.057,731.19,none,30,38,0
2024-04,ecommerce,mountain,metro,4276.21,0.131,224,7997,162,102935.47,4645.27,0.135,731.19,spring,30,62,0
2024-04,ecommerce,electric,coast,4410.55,0.175,127,7771,118,152678.87,4618.75,0.184,1568.35,spring,30,9,0
2024-04,ecommerce,electric,inland,5329.07,0.11,89,8097,67,93520.71,5091.81,0.115,1568.35,spring,30,22,0
2024-04,ecommerce,electric,metro,,0.133,130,6305,93,126457.63,2807.61,0.124,1568.35,spring,30,37,0
2024-05,store,urban,coast,3770.74,0.063,247,,180,75176.82,3786.23,0.076,445.73,none,31,67,0
2024-05,store,urban,inland,2294.26,0.046,121,4190,98,41672.19,2284.87,0.044,445.73,none,31,23,0
2024-05,store,urban,metro,1173.29,0.062,220,3380,132,55188.51,1109.52,0.071,445.73,none,31,88,0
2024-05,store,mountain,coast,2484.64,0.049,177,3979,121,84264.19,2670.12,0.039,732.28,none,31,56,0
2024-05,store,mountain,inland,1956.27,0.076,120,3597,78,52776.88,1897.92,0.067,732.28,none,31,42,0
2024-05,store,mountain,metro,1684.51,0.09,142,3755,142,94625.22,1644.59,0.089,732.28,none,31,0,1
2024-05,store,electric,coast,4404.24,0.038,80,5464,70,105769.59,4182.23,0.043,1570.68,none,31,10,0
2024-05,store,electric,inland,1129.81,0.051,60,2490,52,77509.92,1262.59,0.051,1570.68,none,31,8,0
2024-05,store,electric,metro,4182.95,0.102,101,5314,71,100143.42,3804.72,0.09,1570.68,none,31,30,0
2024-05,ecommerce,urban,coast,1840.76,0.06,209,6158,199,83378.25,1703.65,0.062,445.73,none,31,10,0
2024-05,ecommerce,urban,inland,2861.1,0.087,133,6854,133,54124.55,3171.82,0.081,445.73,none,31,0,1
2024-05,ecommerce,urban,metro,1096.24,0.061,257,6038,167,69896.26,1092.24,0.043,445.73,none,31,90,0
2024-05,ecommerce,mountain,coast,3516.93,0.073,172,7646,148,100465.89,3513.16,0.07,732.28,none,31,24,0
2024-05,ecommerce,mountain,inland,3968.83,0.092,130,7421,102,67820.84,3633.16,0.086,732.28,none,31,28,0
2024-05,ecommerce,mountain,metro,1921.24,0.055,217,6141,137,94804.63,1816.77,0.051,732.28,none,31,80,0
2024-05,ecommerce,electric,coast,2475.1,0.066,97,5871,90,132031.36,2469.57,0.065,1570.68,none,31,7,0
2024-05,ecommerce,electric,inland,2436.8,0.06,86,5273,75,110732.94,2221.05,0.06,1570.68,none,31,11,0
2024-05,ecommerce,electric,metro,2454.36,0.033,103,5717,88,133658.59,2603.27,0.049,1570.68,none,31,15,0
2024-06,store,urban,coast,1649.62,0.065,161,3517,110,45912.24,1761.97,0.072,446.4,none,30,51,0
2024-06,store,urban,inland,3838.19,0.054,155,5467,99,41807.15,3941.92,0.062,446.4,none,30,56,0
2024-06,store,urban,metro,2072.37,0,264,3611,114,50889.6,2294.87,0.009,446.4,none,30,150,0
2024-06,store,mountain,coast,947.15,0.014,138,2655,97,70140.97,1044.95,0,733.37,none,30,41,0
2024-06,store,mountain,inland,1838.16,0.051,107,3295,59,41062.12,1661.73,0.057,733.37,none,30,48,0
2024-06,store,mountain,metro,1612.03,0.075,187,3453,103,69871.83,1744,0.086,733.37,none,30,84,0
2024-06,store,electric,coast,4274.19,0.086,83,5044,65,93453.12,3932.96,0.07,1573.02,none,30,18,0
2024-06,store,electric,inland,3195.04,0.06,52,3785,52,76889.22,3507.23,0.063,1573.02,none,30,0,0
2024-06,store,electric,metro,2345.96,0.046,120,3470,82,123054.21,2180.1,0.045,1573.02,none,30,38,0
2024-06,ecommerce,urban,coast,3715.28,0.048,255,7925,146,62046.03,3665.15,0.06,446.4,none,30,109,0
2024-06,ecommerce,urban,inland,3962.06,0.093,190,7787,126,51015.48,3969.28,0.095,446.4,none,30,64,0
2024-06,ecommerce,urban,metro,3377.24,0.048,299,7934,197,83719.64,3733.27,0.05,446.4,none,30,102,0
2024-06,ecommerce,mountain,coast,998.9,0.087,174,5432,113,75661.05,1121.07,0.082,733.37,none,30,61,0
2024-06,ecommerce,mountain,inland,3491.62,0.052,144,7408,103,71609.18,3315.85,0.042,733.37,none,30,41,0
2024-06,ecommerce,mountain,metro,2962.73,0.047,246,7317,145,101340.73,2678.3,0.049,733.37,none,30,101,0
2024-06,ecommerce,electric,coast,1022.2,0.031,113,4827,68,103649.43,1097.4,0.039,1573.02,none,30,45,0
2024-06,ecommerce,electric,inland,2961.2,0.047,64,6079,49,73455.31,3325.62,0.052,1573.02,none,30,15,0
2024-06,ecommerce,electric,metro,3311.08,0.02,84,7134,84,129491.01,3032.27,0.018,1573.02,none,30,0,1
2024-07,store,urban,coast,4592.56,0.151,231,6740,199,75531.23,4540.04,0.152,447.06,summer,31,32,0
2024-07,store,urban,inland,1408.65,0.076,172,2873,78,32220.51,1418.79,0.068,447.06,none,31,94,0
2024-07,store,urban,metro,5091.93,0.156,278,7018,215,81123.51,5068.36,0.155,447.06,summer,31,63,0
2024-07,store,mountain,coast,3380.4,0.168,149,4959,95,58051.72,3098.05,0.169,734.46,summer,31,54,0
2024-07,store,mountain,inland,1582.46,0.157,92,3083,92,56961.78,1690.93,0.164,734.46,summer,31,0,1
2024-07,store,mountain,metro,3098.82,0.198,152,5066,152,89533.61,2872.31,0.192,734.46,summer,31,0,1
2024-07,store,electric,coast,2914.7,0.172,107,4278,92,120004.62,3264.28,0.174,1575.36,summer,31,15,0
2024-07,store,electric,inland,5400.11,0.115,57,6017,37,51585.16,5008.35,0.125,1575.36,summer,31,20,0
2024-07,store,electric,metro,1244.37,0.064,110,3023,70,103217.59,1358.98,0.051,1575.36,none,31,40,0
2024-07,ecommerce,urban,coast,3709.96,0.157,279,8557,222,83665.49,3743.21,0.152,447.06,summer,31,57,0
2024-07,ecommerce,urban,inland,3720.35,0.166,157,7699,157,58537.14,3958.99,0.163,447.06,summer,31,0,1
2024-07,ecommerce,urban,metro,2024.23,0.156,315,6978,271,102253.35,1916.65,0.148,447.06,summer,31,44,0
2024-07,ecommerce,mountain,coast,5454.19,0.146,147,9312,147,92202.64,5623.51,0.144,734.46,summer,31,0,1
2024-07,ecommerce,mountain,inland,5393.2,0.123,153,8804,128,82447.54,4894.14,0.125,734.46,summer,31,25,0
2024-07,ecommerce,mountain,metro,2005.43,0.143,230,6119,177,111409.5,1841.37,0.16,734.46,summer,31,53,0
2024-07,ecommerce,electric,coast,2591.18,0.136,92,6095,92,125222.22,2352.31,0.124,1575.36,summer,31,0,1
2024-07,ecommerce,electric,inland,2901.32,0.15,72,6460,63,84360.53,2770.78,0.138,1575.36,summer,31,9,0
2024-07,ecommerce,electric,metro,2362.29,0.16,120,6685,115,152179.78,2238.09,0.154,1575.36,summer,31,5,0
2024-08,store,urban,coast,3331.15,0.033,165,4738,150,64943.24,3159.75,0.05,447.73,none,31,15,0
2024-08,store,urban,inland,4115.01,,107,5322,107,45224.31,3915.74,0.057,447.73,none,31,0,1
2024-08,store,urban,metro,4182.77,0.041,108,6217,108,46372.29,4193.16,0.045,447.73,none,31,0,1
2024-08,store,mountain,coast,2599.87,0.071,117,3945,82,56032.73,2531.79,0.065,735.55,none,31,35,0
2024-08,store,mountain,inland,3469.37,0.077,104,4776,77,52276.27,3286.18,0.081,735.55,none,31,27,0
2024-08,store,mountain,metro,2008.92,0.05,157,3865,118,82455.15,2086.63,0.064,735.55,none,31,39,0
2024-08,store,electric,coast,2878.77,0.034,89,4038,46,70106.68,3036.22,0.05,1577.7,none,31,43,0
2024-08,store,electric,inland,1425.4,,61,2491,42,63347.81,1291.62,0.04,1577.7,none,31,19,0
2024-08,store,electric,metro,2741.91,0.032,68,4280,63,96214.46,2882.83,0.034,1577.7,none,31,5,0
2024-08,ecommerce,urban,coast,1361.31,0.056,263,5585,128,54100.11,1235.16,0.059,447.73,none,31,135,0
2024-08,ecommerce,urban,inland,1184.65,0.042,180,4964,116,49755.34,1098.14,0.023,447.73,none,31,64,0
2024-08,ecommerce,urban,metro,3012.86,0.054,252,7675,191,80898.54,3033.45,0.067,447.73,none,31,61,0
2024-08,ecommerce,mountain,coast,2837.21,0.044,136,6661,136,95633.27,2777.14,0.042,735.55,none,31,0,0
2024-08,ecommerce,mountain,inland,2695.28,,108,6539,83,59524.38,2679.76,0.036,735.55,none,31,25,0
2024-08,ecommerce,mountain,metro,3340.44,0.043,138,6991,138,97141.15,3175.93,0.048,735.55,none,31,0,1
2024-08,ecommerce,electric,coast,2740.52,0.07,72,6298,72,105642.79,2768.53,0.063,1577.7,none,31,0,1
2024-08,ecommerce,electric,inland,3218.89,0.029,78,6670,58,88852.91,3184.46,0.037,1577.7,none,31,20,0
2024-08,ecommerce,electric,metro,1976.05,0.04,119,5893,84,127225.73,1826.97,0.036,1577.7,none,31,35,0
2024-09,store,urban,coast,1280.08,0.049,151,3545,130,55434.46,1352.18,0.049,448.39,none,30,21,0
2024-09,store,urban,inland,3169.86,0.035,141,4872,102,44135.03,3089.08,0.028,448.39,none,30,39,0
2024-09,store,urban,metro,1479.66,0.055,163,,126,53389.8,1487.95,0.054,448.39,none,30,37,0
2024-09,store,mountain,coast,1932.33,0.064,119,3525,74,51022.63,1891.43,0.054,736.64,none,30,45,0
2024-09,store,mountain,inland,1486.87,0.035,85,2810,67,47627.46,1635.97,0.042,736.64,none,30,18,0
2024-09,store,mountain,metro,1095.13,0.078,138,3143,93,63163.93,1123.37,0.066,736.64,none,30,45,0
2024-09,store,electric,coast,3573.02,0.072,90,4659,62,90909.76,3704.26,0.069,1580.05,none,30,28,0
2024-09,store,electric,inland,3320.44,0.07,56,3887,27,39675.06,3322.28,0.055,1580.05,none,30,29,0
2024-09,store,electric,metro,3582.17,0.086,98,4543,81,116977.42,3503.96,0.092,1580.05,none,30,17,0
2024-09,ecommerce,urban,coast,2994.21,0.059,126,7343,126,53163.81,3132.17,0.052,448.39,none,30,0,1
2024-09,ecommerce,urban,inland,972.79,0.058,168,5079,89,37592.12,1064.95,0.046,448.39,none,30,79,0
2024-09,ecommerce,urban,metro,2765.24,0.046,310,6949,168,71864.36,2837.39,0.053,448.39,none,30,142,0
2024-09,ecommerce,mountain,coast,3370.07,0.066,175,7053,112,77058.44,3439.7,0.067,736.64,none,30,63,0
2024-09,ecommerce,mountain,inland,2450.41,0.069,125,5983,68,46635.21,2645.27,0.054,736.64,none,30,57,0
2024-09,ecommerce,mountain,metro,2938.3,0.059,137,6594,108,74863.25,2682.69,0.05,736.64,none,30,29,0
2024-09,ecommerce,electric,coast,3064.45,0,80,6548,79,124823.95,3163.74,0.013,1580.05,none,30,1,0
2024-09,ecommerce,electric,inland,2834.92,0.074,85,6274,45,65840.68,2756.56,0.06,1580.05,none,30,40,0
2024-09,ecommerce,electric,metro,3465.48,0.049,131,6652,96,144252.24,3163.73,0.054,1580.05,none,30,35,0
2024-10,store,urban,coast,2674.85,0.072,156,4672,109,45423.32,2505.11,0.051,449.06,none,31,47,0
2024-10,store,urban,inland,1879.31,0.084,115,3408,85,34963.81,1824.98,0.083,449.06,none,31,30,0
2024-10,store,urban,metro,2695.19,0.061,172,4892,132,55660.09,2437.77,0.079,449.06,none,31,40,0
2024-10,store,mountain,coast,3285.87,0.037,107,4459,79,56125.05,3199.41,0.038,737.74,none,31,28,0
2024-10,store,mountain,inland,2156.89,0.044,66,3474,48,33853.41,2171.51,0.057,737.74,none,31,18,0
2024-10,store,mountain,metro,1738.69,0.059,111,3423,88,61090.77,1723.06,0.064,737.74,none,31,23,0
2024-10,store,electric,coast,2719.08,0.059,57,3693,54,80408.07,2482.37,0.059,1582.4,none,31,3,0
2024-10,store,electric,inland,2526.32,0.087,58,3251,29,41897.2,2379.84,0.09,1582.4,none,31,29,0
2024-10,store,electric,metro,2527.04,0.058,94,3871,54,80493.52,2454.75,0.044,1582.4,none,31,40,0
2024-10,ecommerce,urban,coast,2997.57,0.043,224,7321,161,69189.82,2725.44,0.039,449.06,none,31,63,0
2024-10,ecommerce,urban,inland,2084.04,0.034,137,5712,82,35570.94,2338.65,0.04,449.06,none,31,55,0
2024-10,ecommerce,urban,metro,1421.33,0.078,255,6235,167,69143.56,1362.59,0.067,449.06,none,31,88,0
2024-10,ecommerce,mountain,coast,3705.06,0.047,154,6997,96,67494.36,3967.86,0.045,737.74,none,31,58,0
2024-10,ecommerce,mountain,inland,2997.58,0.044,64,6125,64,45137.88,3064.32,0.047,737.74,none,31,0,1
2024-10,ecommerce,mountain,metro,2020.84,0.045,160,5520,97,68340.54,1963.96,0.04,737.74,none,31,63,0
2024-10,ecommerce,electric,coast,2251.79,0.061,75,5631,59,87666.54,2408.07,0.062,1582.4,none,31,16,0
2024-10,ecommerce,electric,inland,3285.28,0.049,32,6223,32,48155.6,3121.75,0.038,1582.4,none,31,0,1
2024-10,ecommerce,electric,metro,4068.54,0.022,84,7220,60,92855.23,3669.9,0.041,1582.4,none,31,24,0
2024-11,store,urban,coast,2341.62,0.151,157,3771,120,45818.49,2625.25,0.154,449.73,black_friday,30,37,0
2024-11,store,urban,inland,4686.01,0.136,87,6073,87,33805.3,4668.02,0.126,449.73,black_friday,30,0,1
2024-11,store,urban,metro,2158.82,0.148,166,4013,164,62839.87,2062.46,0.151,449.73,black_friday,30,2,0
2024-11,store,mountain,coast,4694.26,0.128,76,5951,74,47675.87,5076.05,0.124,738.84,black_friday,30,2,0
2024-11,store,mountain,inland,3745.45,0.198,54,4796,54,31997.68,3943.33,0.184,738.84,black_friday,30,0,1
2024-11,store,mountain,metro,1523.41,0.045,106,3161,71,50097.05,1385.26,0.049,738.84,none,30,35,0
2024-11,store,electric,coast,3634.31,0.125,71,4639,68,94292.62,3584.36,0.13,1584.75,black_friday,30,3,0
2024-11,store,electric,inland,3618.51,0.088,51,4878,35,50585.22,3450.66,0.098,1584.75,none,30,16,0
2024-11,store,electric,metro,5805.91,0.152,84,6426,70,94070.76,5359.29,0.148,1584.75,black_friday,30,14,0
2024-11,ecommerce,urban,coast,2397.72,0.193,193,7219,192,69682.97,2410.94,0.205,449.73,black_friday,30,1,0
2024-11,ecommerce,urban,inland,,0.036,115,5657,89,38585.04,2064.62,0.056,449.73,none,30,26,0
2024-11,ecommerce,urban,metro,4910.36,0.121,255,9385,214,84596.91,4795.19,0.116,449.73,black_friday,30,41,0
2024-11,ecommerce,mountain,coast,2608.02,0.032,117,6482,76,54354.98,2352.39,0.044,738.84,none,30,41,0
2024-11,ecommerce,mountain,inland,2044.73,0.159,85,5632,60,37281.87,1983.69,0.161,738.84,black_friday,30,25,0
2024-11,ecommerce,mountain,metro,3144.95,0.031,156,6859,71,50831.45,3506.11,0.035,738.84,none,30,85,0
2024-11,ecommerce,electric,coast,3382.54,0.034,94,6425,47,71950.82,3433.75,0.028,1584.75,none,30,47,0
2024-11,ecommerce,electric,inland,4072.21,0.075,65,6895,45,65965.22,3881.14,0.104,1584.75,black_friday,30,20,0
2024-11,ecommerce,electric,metro,3994.42,0.128,87,7221,80,110552.16,4036.27,0.114,1584.75,black_friday,30,7,0
2024-12,store,urban,coast,2405.33,0.214,123,4226,123,43543.77,2319.89,0.206,450.4,christmas,31,0,1
2024-12,store,urban,inland,3160.96,0.047,93,4319,69,29616.95,3128.67,0.058,450.4,none,31,24,0
2024-12,store,urban,metro,2747.82,0.035,203,4781,107,46506.05,2911.61,0.043,450.4,none,31,96,0
2024-12,store,mountain,coast,2277.25,0.04,96,3662,69,49013.63,2166.87,0.042,739.94,none,31,27,0
2024-12,store,mountain,inland,3528.75,0.133,53,4550,51,32717.93,3592.28,0.14,739.94,christmas,31,2,0
2024-12,store,mountain,metro,1590.65,0.133,112,3388,78,50039.18,1499.43,0.139,739.94,christmas,31,34,0
2024-12,store,electric,coast,3347.17,0.163,55,4562,55,73062.61,3158.67,0.162,1587.11,christmas,31,0,1
2024-12,store,electric,inland,2774.62,0.128,53,3585,40,55358.4,2647.18,0.131,1587.11,christmas,31,13,0
2024-12,store,electric,metro,5536.63,0.11,77,5983,72,101702.01,5605.07,0.113,1587.11,christmas,31,5,0
2024-12,ecommerce,urban,coast,2435.18,0.028,183,6459,141,61728.22,2579.14,0.022,450.4,none,31,42,0
2024-12,ecommerce,urban,inland,5369.6,0.169,120,9078,120,44913.89,5092.97,0.163,450.4,christmas,31,0,1
2024-12,ecommerce,urban,metro,4807.22,0.143,255,9595,240,92638.27,4725.37,0.134,450.4,christmas,31,15,0
2024-12,ecommerce,mountain,coast,3128.57,0.148,99,6703,89,56108.17,2977.57,0.126,739.94,christmas,31,10,0
2024-12,ecommerce,mountain,inland,3066.21,0.122,86,6527,78,50674.05,3297.15,0.122,739.94,christmas,31,8,0
2024-12,ecommerce,mountain,metro,4647.8,0.147,132,8200,99,62485.71,4361.84,0.145,739.94,christmas,31,33,0
2024-12,ecommerce,electric,coast,1502.75,0.127,84,5373,57,78976.18,1680.09,0.123,1587.11,christmas,31,27,0
2024-12,ecommerce,electric,inland,2827.05,0.181,52,6098,52,67591.84,2645.75,0.163,1587.11,christmas,31,0,1
2024-12,ecommerce,electric,metro,1701.99,0.129,81,5048,73,100913.22,1633.58,0.131,1587.11,christmas,31,8,0
2025-01,store,urban,coast,3254.77,0.078,147,4916,100,41588.65,3065.56,0.08,451.07,none,31,47,0
2025-01,store,urban,inland,2603.15,0.052,128,3792,64,27367.32,2677.16,0.045,451.07,none,31,64,0
2025-01,store,urban,metro,2708.5,0.053,173,4156,120,51259.59,2930.3,0.058,451.07,none,31,53,0
2025-01,store,mountain,coast,2991.7,0.017,95,3883,79,57546.94,3338.17,0.008,741.04,none,31,16,0
2025-01,store,mountain,inland,1121,0.071,65,2120,37,25471.77,1105.12,0.075,741.04,none,31,28,0
2025-01,store,mountain,metro,3833.01,0.07,110,4891,74,50998.37,3608.2,0.07,741.04,none,31,36,0
2025-01,store,electric,coast,2828.61,0.055,64,3934,44,66090.16,2971.52,0.061,1589.47,none,31,20,0
2025-01,store,electric,inland,1791.1,0.115,43,3113,37,52047.2,1914.57,0.118,1589.47,none,31,6,0
2025-01,store,electric,metro,2396.83,0.016,37,3589,37,57869.42,2529.05,0.023,1589.47,none,31,0,1
2025-01,ecommerce,urban,coast,4218.52,0.054,183,8319,140,59739.71,3809.52,0.05,451.07,none,31,43,0
2025-01,ecommerce,urban,inland,1399.55,0.029,161,5217,93,40732.97,1551.49,0.045,451.07,none,31,68,0
2025-01,ecommerce,urban,metro,2851.39,0.033,272,7165,166,72406.66,3168.47,0.048,451.07,none,31,106,0
2025-01,ecommerce,mountain,coast,3781.28,0.031,119,6975,78,56009.29,4176.65,0.022,741.04,none,31,41,0
2025-01,ecommerce,mountain,inland,4515.33,0.077,75,7745,59,40354.82,4184.02,0.075,741.04,none,31,16,0
2025-01,ecommerce,mountain,metro,1178.1,0.012,141,5009,100,73214.75,1226.71,0.017,741.04,none,31,41,0
2025-01,ecommerce,electric,coast,3076.33,0.003,100,6452,60,95082.1,3180.94,0.004,1589.47,none,31,40,0
2025-01,ecommerce,electric,inland,2041.34,0.087,61,5567,52,75461.68,2239.6,0.084,1589.47,none,31,9,0
2025-01,ecommerce,electric,metro,1867.59,0.096,85,5364,74,106329.19,1973.49,0.084,1589.47,none,31,11,0
2025-02,store,urban,coast,3356.73,0.003,183,4855,95,42786.55,3681.25,0.011,451.74,none,28,88,0
2025-02,store,urban,inland,,0.065,53,3169,53,22385.98,1477.63,0.071,451.74,none,28,0,1
2025-02,store,urban,metro,2289.75,0.064,218,4009,118,49893.78,2404.39,0.061,451.74,none,28,100,0
2025-02,store,mountain,coast,3799.15,0.013,95,4780,86,62994.33,4138.59,0.021,742.14,none,28,9,0
2025-02,store,mountain,inland,1879.01,0.036,87,3056,43,30763.19,2073.15,0.043,742.14,none,28,44,0
2025-02,store,mountain,metro,2668.63,0.011,108,3795,70,51378.35,2932.1,0.002,742.14,none,28,38,0
2025-02,store,electric,coast,2740.27,0.027,76,3832,51,78991.88,3038.06,0.017,1591.84,none,28,25,0
2025-02,store,electric,inland,1346.54,0.063,52,2685,38,56679.06,1253.92,0.065,1591.84,none,28,14,0
2025-02,store,electric,metro,3168.6,0.049,88,4416,64,96885.75,3222.54,0.043,1591.84,none,28,24,0
2025-02,ecommerce,urban,coast,1779.75,0.018,227,5816,119,52789.43,1622.99,,451.74,none,28,108,0
2025-02,ecommerce,urban,inland,1690.66,0.017,127,5050,84,37301.08,1608.96,0.029,451.74,none,28,43,0
2025-02,ecommerce,urban,metro,2101.32,0.04,216,6483,169,73290.3,2085.21,0.026,451.74,none,28,47,0
2025-02,ecommerce,mountain,coast,2190.2,0.105,156,5782,113,75056.33,2332.63,0.084,742.14,none,28,43,0
2025-02,ecommerce,mountain,inland,2400.46,,74,6027,54,39113.75,2454.46,0.022,742.14,none,28,20,0
2025-02,ecommerce,mountain,metro,3054.09,0.007,151,7117,127,93592.02,2870.25,0,742.14,none,28,24,0
2025-02,ecommerce,electric,coast,3904.72,0.058,106,6988,76,113963.01,3549.78,0.064,1591.84,none,28,30,0
2025-02,ecommerce,electric,inland,1579.77,0.033,80,4689,44,67729.61,1687.23,0.032,1591.84,none,28,36,0
2025-02,ecommerce,electric,metro,2288.4,0.008,123,5695,63,99483.63,2333.48,0.013,1591.84,none,28,60,0
2025-03,store,urban,coast,4204.91,0.028,149,5932,149,65521.64,3898.63,,452.41,none,31,0,1
2025-03,store,urban,inland,2909.34,0.073,112,4169,80,33550.73,3189.98,0.091,452.41,none,31,32,0
2025-03,store,urban,metro,3617.9,0.062,222,5350,165,70019.5,4043.23,0.07,452.41,none,31,57,0
2025-03,store,mountain,coast,1857.72,0.016,142,3574,80,58507.85,2017.14,0.021,743.24,none,31,62,0
2025-03,store,mountain,inland,2646.53,0.027,76,3636,56,40497.66,2846.05,0.027,743.24,none,31,20,0
2025-03,store,mountain,metro,2453.28,0.025,110,3864,96,69567.26,2616.4,0.039,743.24,none,31,14,0
2025-03,store,electric,coast,1144.35,0.083,103,2400,50,73094.07,1189.53,0.079,1594.2,none,31,53,0
2025-03,store,electric,inland,1071.88,0.053,53,2250,48,72465.96,1186.06,0.059,1594.2,none,31,5,0
2025-03,store,electric,metro,,0.034,95,5004,95,146299.73,3727.92,0.054,1594.2,none,31,0,0
2025-03,ecommerce,urban,coast,1747.77,0.068,221,5943,141,59452.1,1865.2,0.061,452.41,none,31,80,0
2025-03,ecommerce,urban,inland,1248.9,0.054,136,5159,111,47505.76,1222.94,0.059,452.41,none,31,25,0
2025-03,ecommerce,urban,metro,2996.64,0.038,260,7183,177,77033.66,3279.76,0.033,452.41,none,31,83,0
2025-03,ecommerce,mountain,coast,1546.13,0.015,121,5439,104,76137.51,1566.15,0.009,743.24,none,31,17,0
2025-03,ecommerce,mountain,inland,2131.95,0.075,86,5873,71,48812.29,2371.74,0.077,743.24,none,31,15,0
2025-03,ecommerce,mountain,metro,1463.15,0.082,194,5434,151,103026.44,1454.35,0.077,743.24,none,31,43,0
2025-03,ecommerce,electric,coast,4030.77,0.045,57,7395,57,86780.28,4034.83,0.035,1594.2,none,31,0,1
2025-03,ecommerce,electric,inland,3807.14,0.077,71,6983,65,95644.03,3685.93,0.079,1594.2,none,31,6,0
2025-03,ecommerce,electric,metro,3543.6,0.052,136,6943,107,161709.27,3478.57,0.056,1594.2,none,31,29,0
2025-04,store,urban,coast,2851.98,0.161,231,5523,177,67283.74,3009.57,0.154,453.08,spring,30,54,0
2025-04,store,urban,inland,3193.83,0.18,133,4985,133,49412.9,3124.36,0.186,453.08,spring,30,0,0
2025-04,store,urban,metro,1151.07,0.064,266,3405,146,61916.1,1157.43,0.062,453.08,none,30,120,0
2025-04,store,mountain,coast,,0.084,147,6873,104,70909.76,5569.72,0.092,744.35,spring,30,43,0
2025-04,store,mountain,inland,3507.77,0.19,114,5002,97,58483.58,3840.34,0.186,744.35,spring,30,17,0
2025-04,store,mountain,metro,1625.58,0.058,159,3508,106,74324.84,1760.2,0.055,744.35,none,30,53,0
2025-04,store,electric,coast,4316.08,0.138,110,5709,105,144506.46,3998.75,0.136,1596.58,spring,30,5,0
2025-04,store,electric,inland,5446.22,0.162,69,5812,69,92317.45,5210.58,0.16,1596.58,spring,30,0,1
2025-04,store,electric,metro,4032.8,0.129,88,5184,79,109859.07,3693.92,0.14,1596.58,spring,30,9,0
2025-04,ecommerce,urban,coast,3561.45,0.14,194,7918,194,75591.87,3253.05,0.144,453.08,spring,30,0,1
2025-04,ecommerce,urban,inland,3243.68,0.022,192,7057,127,56275.25,3437.8,0.031,453.08,none,30,65,0
2025-04,ecommerce,urban,metro,3568.49,0.031,236,8159,234,102734.08,3488.13,0.034,453.08,none,30,2,0
2025-04,ecommerce,mountain,coast,3615.97,0.145,146,7748,146,92917.21,4012.85,0.156,744.35,spring,30,0,1
2025-04,ecommerce,mountain,inland,4962.93,0.142,133,8333,110,70251.75,5139.51,0.128,744.35,spring,30,23,0
2025-04,ecommerce,mountain,metro,4014.25,0.127,210,8432,210,136461.69,4468.11,0.12,744.35,spring,30,0,1
2025-04,ecommerce,electric,coast,4233.21,0.156,121,7760,121,163049.14,3931.88,0.152,1596.58,spring,30,0,1
2025-04,ecommerce,electric,inland,1733.75,0.02,99,5163,52,81361.72,1846.48,0.036,1596.58,none,30,47,0
2025-04,ecommerce,electric,metro,4789.54,,129,8570,129,174653.08,4668.4,0.147,1596.58,spring,30,0,1
2025-05,store,urban,coast,1618.99,0.01,176,3811,123,55254.36,1669.75,0.014,453.76,none,31,53,0
2025-05,store,urban,inland,3867.12,0.13,124,5281,124,48951.63,3902.89,0.115,453.76,none,31,0,0
2025-05,store,urban,metro,2358.37,0.037,241,4573,140,61175.92,2537.26,0.048,453.76,none,31,101,0
2025-05,store,mountain,coast,2669.68,0.057,152,4267,128,89980,2516.47,0.052,745.46,none,31,24,0
2025-05,store,mountain,inland,3352.19,0.058,115,4770,88,61795.65,3756.41,0.041,745.46,none,31,27,0
2025-05,store,mountain,metro,1575.78,0.051,116,3490,114,80648.34,1683.57,0.051,745.46,none,31,2,0
2025-05,store,electric,coast,1308.73,0.014,80,2827,67,105629.83,1462.81,0.029,1598.95,none,31,13,0
2025-05,store,electric,inland,2776.88,0.057,69,3925,41,61820.2,2832.37,0.042,1598.95,none,31,28,0
2025-05,store,electric,metro,1015.41,0.068,97,2471,60,89413.28,1025.02,0.064,1598.95,none,31,37,0
2025-05,ecommerce,urban,coast,2330.68,0.013,242,,161,72105.64,2470.47,0.02,453.76,none,31,81,0
2025-05,ecommerce,urban,inland,4085.02,0.05,205,7994,137,59056.86,4145.43,0.049,453.76,none,31,68,0
2025-05,ecommerce,urban,metro,1776.84,0.004,247,6031,161,72763.14,1606.36,0.015,453.76,none,31,86,0
2025-05,ecommerce,mountain,coast,2633.91,0.056,214,6690,110,77408.57,2930.55,0.057,745.46,none,31,104,0
2025-05,ecommerce,mountain,inland,3613.66,0.083,86,7010,86,58788.47,3962.91,0.069,745.46,none,31,0,1
2025-05,ecommerce,mountain,metro,1246.52,0.052,187,5689,152,107417.8,1182.77,0.054,745.46,none,31,35,0
2025-05,ecommerce,electric,coast,3281.5,0.037,119,7018,83,127802.47,3627.6,0.051,1598.95,none,31,36,0
2025-05,ecommerce,electric,inland,2596.08,0.078,76,5914,63,92876.61,2452.77,0.087,1598.95,none,31,13,0
2025-05,ecommerce,electric,metro,2731.07,0.048,158,6470,99,150697.84,2805.41,0.045,1598.95,none,31,59,0
2025-06,store,urban,coast,962.92,0.054,181,3398,135,58035.26,1066.25,0.061,454.43,none,30,46,0
2025-06,store,urban,inland,3522.31,0.044,128,4725,110,47787.86,3935.7,0.051,454.43,none,30,18,0
2025-06,store,urban,metro,2146.24,0.034,297,4274,158,69358.74,1992.43,0.031,454.43,none,30,139,0
2025-06,store,mountain,coast,2438.65,0,150,3929,116,86602.12,2353.28,0,746.57,none,30,34,0
2025-06,store,mountain,inland,1268.34,0.079,95,2915,74,50881.73,1402.9,0.082,746.57,none,30,21,0
2025-06,store,mountain,metro,3442.74,0.032,212,5464,149,107679.28,3338.6,0.035,746.57,none,30,63,0
2025-06,store,electric,coast,4186.45,0.09,84,5466,84,122405.67,3983.36,0.091,1601.33,none,30,0,1
2025-06,store,electric,inland,2397.38,0.04,75,3537,51,78401.12,2404.1,0.046,1601.33,none,30,24,0
2025-06,store,electric,metro,2103.42,0.064,116,3923,81,121406.44,1985.45,0.076,1601.33,none,30,35,0
2025-06,ecommerce,urban,coast,4141.45,0.054,237,8773,237,101884.11,3852.96,0.055,454.43,none,30,0,1
2025-06,ecommerce,urban,inland,2383.99,0.061,215,6657,111,47364.78,2336.7,0.064,454.43,none,30,104,0
2025-06,ecommerce,urban,metro,2010.91,0.045,235,6909,224,97211.67,2029.58,0.035,454.43,none,30,11,0
2025-06,ecommerce,mountain,coast,1328.71,0.076,231,5786,164,113132.23,1374.54,0.062,746.57,none,30,67,0
2025-06,ecommerce,mountain,inland,3696.7,0.019,63,7360,63,46140.27,3570.28,0.02,746.57,none,30,0,1
2025-06,ecommerce,mountain,metro,3889.2,0.072,249,8478,228,157962.27,3617.28,0.069,746.57,none,30,21,0
2025-06,ecommerce,electric,coast,2730.2,0.069,124,6286,109,162501.37,2883.45,0.049,1601.33,none,30,15,0
2025-06,ecommerce,electric,inland,2117.37,0.053,101,5783,60,90987.57,2332.25,0.055,1601.33,none,30,41,0
2025-06,ecommerce,electric,metro,1928.99,0.089,155,6011,129,188186.7,1858.21,0.096,1601.33,none,30,26,0
2025-07,store,urban,coast,1638.44,0.124,221,3937,164,65382.92,1807.56,0.119,455.11,summer,31,57,0
2025-07,store,urban,inland,3171.82,0.048,175,4995,104,45059.53,3151.56,0.044,455.11,none,31,71,0
2025-07,store,urban,metro,3524.92,0.128,250,5226,169,67068.65,3951.63,0.101,455.11,none,31,81,0
2025-07,store,mountain,coast,4787.63,0.138,122,6886,122,78629.02,5237.59,0.15,747.68,summer,31,0,1
2025-07,store,mountain,inland,5074.3,0.139,115,6242,107,68881.52,4790.91,0.144,747.68,summer,31,8,0
2025-07,store,mountain,metro,3549.49,0.149,169,5650,169,107530.59,3382.22,0.153,747.68,summer,31,0,1
2025-07,store,electric,coast,3630.22,0.041,100,4964,87,133802.34,3373.24,0.045,1603.71,none,31,13,0
2025-07,store,electric,inland,3281.41,0.043,61,4083,58,89015.53,3084.57,0.059,1603.71,none,31,3,0
2025-07,store,electric,metro,2567.85,0.171,92,4371,92,122311.75,2639.92,0.169,1603.71,summer,31,0,1
2025-07,ecommerce,urban,coast,3581.46,0.157,233,8518,233,89392.25,3590.44,0.148,455.11,summer,31,0,1
2025-07,ecommerce,urban,inland,3319.27,0.095,192,7679,155,63840.56,3576.43,0.111,455.11,summer,31,37,0
2025-07,ecommerce,urban,metro,3113.89,0.145,295,7769,249,96890.64,3464.79,0.159,455.11,summer,31,46,0
2025-07,ecommerce,mountain,coast,2844.48,0.053,155,6869,134,94879.1,2838.4,0.059,747.68,none,31,21,0
2025-07,ecommerce,mountain,inland,2044.5,0.068,110,5733,92,64109.07,1890.31,0.066,747.68,none,31,18,0
2025-07,ecommerce,mountain,metro,3517.53,0.125,254,8437,229,149816.38,3896.04,0.127,747.68,summer,31,25,0
2025-07,ecommerce,electric,coast,3298.27,0.051,145,6879,102,155235.92,3034.78,0.058,1603.71,none,31,43,0
2025-07,ecommerce,electric,inland,2708.56,0.043,91,6135,62,95154.53,2648.94,0.04,1603.71,none,31,29,0
2025-07,ecommerce,electric,metro,6059.99,0.151,104,9381,104,141601.18,5547.46,0.124,1603.71,summer,31,0,1
2025-08,store,urban,coast,3243.66,0.051,187,4986,159,68773.1,3056.99,0.054,455.78,none,31,28,0
2025-08,store,urban,inland,1172.34,0.07,161,2848,106,44930.79,1213.62,0.067,455.78,none,31,55,0
2025-08,store,urban,metro,3089.18,0.107,212,5387,165,67156.9,3240.51,,455.78,none,31,47,0
2025-08,store,mountain,coast,3140.41,0.066,114,4674,99,69237.62,3282.13,0.061,748.79,none,31,15,0
2025-08,store,mountain,inland,1646.02,0.05,81,3131,57,40546.98,1601.78,0.052,748.79,none,31,24,0
2025-08,store,mountain,metro,1096.35,0.065,148,3272,140,98016.61,1134.51,0.065,748.79,none,31,8,0
2025-08,store,electric,coast,1926.83,0.012,93,3218,67,106317.4,1806.36,0.014,1606.1,none,31,26,0
2025-08,store,electric,inland,2521.38,0.065,67,3504,60,90102.21,2408.36,0.06,1606.1,none,31,7,0
2025-08,store,electric,metro,3059.64,0.041,50,4359,50,77012.49,2903.02,0.036,1606.1,none,31,0,1
2025-08,ecommerce,urban,coast,2431.22,0.041,234,6588,181,79113.84,2613.86,0.04,455.78,none,31,53,0
2025-08,ecommerce,urban,inland,1123.83,0.064,143,5745,131,55885.92,1016.34,0.07,455.78,none,31,12,0
2025-08,ecommerce,urban,metro,3044.04,0.072,245,7205,163,68943.11,2993.96,0.078,455.78,none,31,82,0
2025-08,ecommerce,mountain,coast,2037.93,0.042,173,5571,151,108318.46,2127.24,0.048,748.79,none,31,22,0
2025-08,ecommerce,mountain,inland,3289.18,0.056,97,6804,84,59376.05,3523.78,0.051,748.79,none,31,13,0
2025-08,ecommerce,mountain,metro,1206.64,0.063,236,5403,137,96121.42,1212.31,0.058,748.79,none,31,99,0
2025-08,ecommerce,electric,coast,3941.35,0.048,121,7456,104,159016.75,3597.72,0.032,1606.1,none,31,17,0
2025-08,ecommerce,electric,inland,,0.098,88,6657,79,114447.47,3213.01,0.083,1606.1,none,31,9,0
2025-08,ecommerce,electric,metro,3738.1,0.063,142,7290,106,159521.06,3414.36,0.06,1606.1,none,31,36,0
2025-09,store,urban,coast,,0.067,163,4519,121,51531.14,2672.74,0.074,456.46,none,30,42,0
2025-09,store,urban,inland,1891.63,0.011,115,3379,80,36115.12,1898.46,0.022,456.46,none,30,35,0
2025-09,store,urban,metro,1516.5,0.078,176,3191,125,52607.01,1647.22,0.076,456.46,none,30,51,0
2025-09,store,mountain,coast,2606.69,0.066,111,4007,90,63036.59,2731.9,0.073,749.9,none,30,21,0
2025-09,store,mountain,inland,3242.33,0.06,68,4340,55,38769.83,3389.33,0.058,749.9,none,30,13,0
2025-09,store,mountain,metro,2715.49,0.055,167,4623,112,79369.42,2938.8,0.063,749.9,none,30,55,0
2025-09,store,electric,coast,2379.82,0.069,100,3723,76,113810.32,2328.84,0.069,1608.49,none,30,24,0
2025-09,store,electric,inland,3217.73,0.082,57,4672,36,53157.38,3348.69,0.081,1608.49,none,30,21,0
2025-09,store,electric,metro,3020.4,0.044,99,4111,78,119941.88,3310.38,0.056,1608.49,none,30,21,0
2025-09,ecommerce,urban,coast,3144.51,0.074,213,7525,172,72701.3,2890.93,0.074,456.46,none,30,41,0
2025-09,ecommerce,urban,inland,2944.68,0.085,130,7013,109,45525.04,2931.36,0.079,456.46,none,30,21,0
2025-09,ecommerce,urban,metro,2397.86,0.068,267,6476,158,67216.47,2644.31,0.077,456.46,none,30,109,0
2025-09,ecommerce,mountain,coast,2338.4,0.049,179,5960,115,82012.81,2107.71,,749.9,none,30,64,0
2025-09,ecommerce,mountain,inland,2402.29,0.057,124,6026,88,62229.7,2638.2,0.066,749.9,none,30,36,0
2025-09,ecommerce,mountain,metro,1160.34,0.079,145,5411,95,65612.5,1183.01,0.084,749.9,none,30,50,0
2025-09,ecommerce,electric,coast,2992.08,,106,6310,81,120255.54,3149.14,0.087,1608.49,none,30,25,0
2025-09,ecommerce,electric,inland,1664.9,0.026,83,4743,57,89300.15,1652.69,0.033,1608.49,none,30,26,0
2025-09,ecommerce,electric,metro,3352.15,0.057,130,6800,83,125894.9,3603.31,0.05,1608.49,none,30,47,0
2025-10,store,urban,coast,3410.03,0.049,202,5007,122,53038.3,3723.66,0.061,457.14,none,31,80,0
2025-10,store,urban,inland,1394.95,,129,2916,63,26639.83,1519.06,0.091,457.14,none,31,66,0
2025-10,store,urban,metro,1359.91,0.052,132,3259,128,55471.2,1365.74,0.071,457.14,none,31,4,0
2025-10,store,mountain,coast,3157.06,0.102,86,4590,86,57999.77,2899.6,0.083,751.02,none,31,0,1
2025-10,store,mountain,inland,1987.67,0.01,86,3465,58,43123.57,1817.22,0.033,751.02,none,31,28,0
2025-10,store,mountain,metro,2528.33,0.088,109,4216,109,74657.4,2689.84,0.07,751.02,none,31,0,1
2025-10,store,electric,coast,3476.8,0.053,94,4739,67,102208.73,3585.7,0.049,1610.88,none,31,27,0
2025-10,store,electric,inland,2634.35,0.072,51,3500,41,61290.76,2842.95,0.075,1610.88,none,31,10,0
2025-10,store,electric,metro,3005.64,0.067,93,4271,73,109715.43,2750.32,0.057,1610.88,none,31,20,0
2025-10,ecommerce,urban,coast,2902.91,0.064,222,7065,176,75307.42,2730.61,0.059,457.14,none,31,46,0
2025-10,ecommerce,urban,inland,2395.34,0.047,122,6120,94,40951.52,2215.12,0.053,457.14,none,31,28,0
2025-10,ecommerce,urban,metro,3278.83,0.098,195,7924,195,80406.35,3261.05,0.092,457.14,none,31,0,1
2025-10,ecommerce,mountain,coast,1706.28,0.059,142,5308,95,67137.43,1864.48,0.058,751.02,none,31,47,0
2025-10,ecommerce,mountain,inland,2798.4,,86,5904,66,48675.11,2810.76,0.014,751.02,none,31,20,0
2025-10,ecommerce,mountain,metro,1568.34,0.028,129,5791,97,70809.17,1568.17,0.03,751.02,none,31,32,0
2025-10,ecommerce,electric,coast,1984.17,0.032,90,5461,76,118509.22,1972.56,0.02,1610.88,none,31,14,0
2025-10,ecommerce,electric,inland,3294.63,0.11,37,6614,37,53046.28,3440.07,0.095,1610.88,none,31,0,1
2025-10,ecommerce,electric,metro,2312.42,0.06,93,6004,63,95396.31,2573.15,0.063,1610.88,none,31,30,0
2025-11,store,urban,coast,1205.95,0.058,183,3317,104,44851.71,1286.11,0.067,457.82,none,30,79,0
2025-11,store,urban,inland,4816.54,0.167,128,6170,100,38136.41,5280.64,0.163,457.82,black_friday,30,28,0
2025-11,store,urban,metro,3380.7,0.08,148,5069,127,53491.69,3751.26,0.066,457.82,none,30,21,0
2025-11,store,mountain,coast,3809.74,0.142,95,4751,71,45818.86,3535.99,0.151,752.14,black_friday,30,24,0
2025-11,store,mountain,inland,1527.18,0.019,58,2778,25,18446.23,1604.97,,752.14,none,30,33,0
2025-11,store,mountain,metro,1381.8,0.066,110,3126,67,47067.42,1463.75,0.057,752.14,none,30,43,0
2025-11,store,electric,coast,4773.63,0.166,87,5404,47,63237.35,5074.53,0.163,1613.28,black_friday,30,40,0
2025-11,store,electric,inland,3604.34,0.03,38,4404,38,59465.5,3561.53,,1613.28,none,30,0,1
2025-11,store,electric,metro,3260.21,0.045,43,4413,43,66249.34,3593.06,0.046,1613.28,none,30,0,1
2025-11,ecommerce,urban,coast,2572.6,0.133,207,7143,170,67478.09,2554.34,0.145,457.82,black_friday,30,37,0
2025-11,ecommerce,urban,inland,1676.79,0.038,112,5625,110,48446.51,1647.36,0.05,457.82,none,30,2,0
2025-11,ecommerce,urban,metro,3563.95,0.162,249,7676,177,67906.61,3827.03,0.163,457.82,black_friday,30,72,0
2025-11,ecommerce,mountain,coast,4585.75,0.108,126,7740,104,69774.52,4861.08,0.115,752.14,black_friday,30,22,0
2025-11,ecommerce,mountain,inland,2698.68,0.042,102,6040,59,42512.46,2897.83,,752.14,none,30,43,0
2025-11,ecommerce,mountain,metro,2644.31,0.203,143,6702,140,83923.78,2827.6,0.188,752.14,black_friday,30,3,0
2025-11,ecommerce,electric,coast,2889.68,0.191,78,6435,68,88749.76,2896.09,0.191,1613.28,black_friday,30,10,0
2025-11,ecommerce,electric,inland,2256.65,0.131,57,5847,57,79910.6,2042.22,0.127,1613.28,black_friday,30,0,0
2025-11,ecommerce,electric,metro,4874.86,0.163,86,8036,86,116127.12,4782.21,0.151,1613.28,black_friday,30,0,1
2025-12,store,urban,coast,4300.17,0.161,124,5850,124,47700.51,4384.57,0.166,458.5,christmas,31,0,1
2025-12,store,urban,inland,3226.59,0.117,110,4370,83,33603.01,3051.16,0.103,458.5,christmas,31,27,0
2025-12,store,urban,metro,3687.44,0.152,158,5783,156,60654.05,3957.14,0.154,458.5,christmas,31,2,0
2025-12,store,mountain,coast,5060.11,0.173,77,6102,77,47966.84,4734.41,0.167,753.26,christmas,31,0,1
2025-12,store,mountain,inland,1692.72,0.096,54,3063,48,32685.46,1623.09,0.101,753.26,christmas,31,6,0
2025-12,store,mountain,metro,4517.57,0.156,110,6142,87,55310.38,4778.69,0.149,753.26,christmas,31,23,0
2025-12,store,electric,coast,3924.01,0.116,39,4638,39,55702.18,4069.84,0.105,1615.68,christmas,31,0,1
2025-12,store,electric,inland,2965.32,0.061,43,4031,28,42479.46,3061.4,0.048,1615.68,none,31,15,0
2025-12,store,electric,metro,4150.69,0.033,69,5024,63,98428.84,3787.61,0.028,1615.68,none,31,6,0
2025-12,ecommerce,urban,coast,3386.01,0.152,196,7511,148,57543.58,3130.89,0.157,458.5,christmas,31,48,0
2025-12,ecommerce,urban,inland,3448.82,0.177,136,7047,131,49432.26,3196.62,0.164,458.5,christmas,31,5,0
2025-12,ecommerce,urban,metro,4871.03,0.137,258,9086,223,88237.87,4403.01,0.136,458.5,christmas,31,35,0
2025-12,ecommerce,mountain,coast,4108.37,0.107,129,7409,112,75338.05,4412.29,0.121,753.26,christmas,31,17,0
2025-12,ecommerce,mountain,inland,5181.63,0.136,67,8128,67,43604.71,5238.89,0.139,753.26,christmas,31,0,1
2025-12,ecommerce,mountain,metro,5906.42,0.129,143,9209,131,85947.72,5418.43,0.123,753.26,christmas,31,12,0
2025-12,ecommerce,electric,coast,1704.8,0.144,100,5152,68,94045.5,1775.77,0.138,1615.68,christmas,31,32,0
2025-12,ecommerce,electric,inland,4408.26,0.152,53,7232,53,72615.12,4386.59,0.16,1615.68,christmas,31,0,1
2025-12,ecommerce,electric,metro,3851.9,0.16,117,7905,98,133002.78,3557.11,0.156,1615.68,christmas,31,19,0
2026-01,store,urban,coast,1264.4,0.039,187,3676,124,54718.92,1222.73,0.032,459.19,none,31,63,0
2026-01,store,urban,inland,4141.55,0.096,93,5531,82,34038.84,3996.79,0.095,459.19,none,31,11,0
2026-01,store,urban,metro,3339.77,0.059,202,5200,185,79938.09,3735.34,0.055,459.19,none,31,17,0
2026-01,store,mountain,coast,1811.17,0.021,60,3586,60,44312.28,1908.69,0.02,754.38,none,31,0,1
2026-01,store,mountain,inland,2686.44,0.134,72,3739,55,35931.12,2425.59,0.127,754.38,none,31,17,0
2026-01,store,mountain,metro,2553.37,0.037,92,4061,92,66835.05,2446.28,0.031,754.38,none,31,0,1
2026-01,store,electric,coast,3545.9,0.059,87,4454,48,73085.44,3690.46,0.077,1618.08,none,31,39,0
2026-01,store,electric,inland,3059.92,,61,4003,49,76193.77,3321.21,0.045,1618.08,none,31,12,0
2026-01,store,electric,metro,942.16,0.049,94,2479,55,84633.67,1046.22,0.06,1618.08,none,31,39,0
2026-01,ecommerce,urban,coast,4239.44,0.059,206,8328,182,78641.8,3878.9,0.06,459.19,none,31,24,0
2026-01,ecommerce,urban,inland,3728.35,0.04,136,7149,107,47168,4158.76,0.032,459.19,none,31,29,0
2026-01,ecommerce,urban,metro,3587.12,0.067,255,7739,169,72403.7,3822.29,0.059,459.19,none,31,86,0
2026-01,ecommerce,mountain,coast,1796.9,0.047,123,5373,89,63984.25,1756.95,0.043,754.38,none,31,34,0
2026-01,ecommerce,mountain,inland,2344.84,0.04,96,5601,58,42003.88,2399.57,0.048,754.38,none,31,38,0
2026-01,ecommerce,mountain,metro,3205.79,0.003,118,6663,107,80476.5,3362.82,0,754.38,none,31,11,0
2026-01,ecommerce,electric,coast,995.94,0.039,101,4483,65,101073.37,1110.95,0.059,1618.08,none,31,36,0
2026-01,ecommerce,electric,inland,3847.05,0.061,76,7002,44,66852.59,4061.61,0.071,1618.08,none,31,32,0
2026-01,ecommerce,electric,metro,2336.89,0.102,131,6322,98,142397.51,2201.3,0.078,1618.08,none,31,33,0
2026-02,store,urban,coast,923.55,0.042,191,3083,121,53307.21,1014.67,0.051,459.87,none,28,70,0
2026-02,store,urban,inland,1936.96,0.073,103,3538,92,39219.55,1986.83,0.066,459.87,none,28,11,0
2026-02,store,urban,metro,3746.25,0.021,154,5771,154,69332.76,3399.48,0.032,459.87,none,28,0,1
2026-02,store,mountain,coast,3182.83,0.059,72,4393,72,51186.64,3240.47,0.058,755.5,none,28,0,1
2026-02,store,mountain,inland,1573.3,0.071,59,2969,52,36496.69,1753.08,0.072,755.5,none,28,7,0
2026-02,store,mountain,metro,924.55,0.061,141,2649,91,64556.72,1015.65,0.068,755.5,none,28,50,0
2026-02,store,electric,coast,2828.6,0.008,76,3879,50,80376.3,2695.72,0.011,1620.49,none,28,26,0
2026-02,store,electric,inland,2379.17,0.032,66,3652,47,73725.81,2364.46,0.041,1620.49,none,28,19,0
2026-02,store,electric,metro,4321.54,0.069,59,5031,59,89011.9,3934.56,0.072,1620.49,none,28,0,1
2026-02,ecommerce,urban,coast,1318.55,0.062,224,5762,132,56939.26,1206.41,0.058,459.87,none,28,92,0
2026-02,ecommerce,urban,inland,3240.61,0.067,161,7247,136,58351.98,3292.25,0.058,459.87,none,28,25,0
2026-02,ecommerce,urban,metro,1502.41,0,155,5738,155,71279.85,1445.61,0,459.87,none,28,0,1
2026-02,ecommerce,mountain,coast,1336.37,0.044,117,5450,111,80170.64,1385.86,0.046,755.5,none,28,6,0
2026-02,ecommerce,mountain,inland,4139.85,0.047,117,7391,85,61199.28,3824.01,0.059,755.5,none,28,32,0
2026-02,ecommerce,mountain,metro,2072.26,0.128,161,6457,158,104089.77,1997.58,0.117,755.5,none,28,3,0
2026-02,ecommerce,electric,coast,3727.23,0.054,85,6786,72,110374.81,4020.75,0.053,1620.49,none,28,13,0
2026-02,ecommerce,electric,inland,3479.59,0.054,62,6465,61,93512,3425.61,0.069,1620.49,none,28,1,0
2026-02,ecommerce,electric,metro,2086.87,0.045,135,5362,87,134638.41,1931.82,0.049,1620.49,none,28,48,0
2026-03,store,urban,coast,2385.04,0,216,4536,144,66319.2,2171.23,0.003,460.55,none,31,72,0
2026-03,store,urban,inland,1148.22,0.038,122,2860,79,35000.88,1278.83,0.034,460.55,none,31,43,0
2026-03,store,urban,metro,3863.78,0.021,166,5304,142,64024.74,3747.54,0.035,460.55,none,31,24,0
2026-03,store,mountain,coast,2586.02,0.079,121,4261,96,66897.31,2379.6,0.095,756.62,none,31,25,0
2026-03,store,mountain,inland,2238.87,0.034,73,3588,58,42391.91,,0.039,756.62,none,31,15,0
2026-03,store,mountain,metro,4050.15,0.056,149,,92,65710.93,4181.71,0.062,756.62,none,31,57,0
2026-03,store,electric,coast,1474.85,0.039,86,2564,52,81099.56,1529.86,0.049,1622.9,none,31,34,0
2026-03,store,electric,inland,3550.77,0.087,60,4290,55,81493.92,3300.05,0.077,1622.9,none,31,5,0
2026-03,store,electric,metro,1285.85,0.091,92,2783,68,100314.69,1235.31,0.089,1622.9,none,31,24,0
2026-03,ecommerce,urban,coast,2273.7,0.089,207,6705,169,70905.82,2440.82,0.086,460.55,none,31,38,0
2026-03,ecommerce,urban,inland,3560.53,0.019,156,7432,152,68673.53,3477.03,0.028,460.55,none,31,4,0
2026-03,ecommerce,urban,metro,4335.21,0.056,310,8910,230,99994.62,3962.32,0.051,460.55,none,31,80,0
2026-03,ecommerce,mountain,coast,1245.13,0.083,135,5553,125,86727.57,1156.93,0.078,756.62,none,31,10,0
2026-03,ecommerce,mountain,inland,2180.3,0.07,97,5700,97,68254.69,2133.14,0.08,756.62,none,31,0,1
2026-03,ecommerce,mountain,metro,1702.74,0.027,152,6093,126,92760.1,1748.36,0.019,756.62,none,31,26,0
2026-03,ecommerce,electric,coast,1833.26,0.092,126,5721,86,126729.02,1807,0.082,1622.9,none,31,40,0
2026-03,ecommerce,electric,inland,3635.11,0.057,79,6922,79,120901.18,3966.46,0.06,1622.9,none,31,0,1
2026-03,ecommerce,electric,metro,3502.88,0.07,146,7029,105,158476.18,3896.4,0.086,1622.9,none,31,41,0
2026-04,store,urban,coast,5790.72,0.094,211,7954,210,87755.52,5550.27,0.105,461.24,spring,30,1,0
2026-04,store,urban,inland,4188.24,0.145,114,,114,44957.06,4072.35,0.151,461.24,spring,30,0,1
2026-04,store,urban,metro,5495.18,0.145,261,7859,220,86759.24,5196,0.143,461.24,spring,30,41,0
2026-04,store,mountain,coast,2536.8,0.033,176,4769,133,97454.99,2738.66,0.04,757.75,none,30,43,0
2026-04,store,mountain,inland,3711.71,0.152,107,5190,107,68755.2,3406.61,0.149,757.75,spring,30,0,1
2026-04,store,mountain,metro,3511.56,0.161,137,5552,137,87098.06,3499.61,0.169,757.75,spring,30,0,1
2026-04,store,electric,coast,1885.17,0.123,91,3818,91,129711.91,,0.148,1625.32,spring,30,0,1
2026-04,store,electric,inland,3192.87,0.076,85,4442,75,112634.68,3296.86,0.091,1625.32,spring,30,10,0
2026-04,store,electric,metro,1860.45,0.134,97,3716,97,136530.13,1702.24,0.142,1625.32,spring,30,0,1
2026-04,ecommerce,urban,coast,5301.04,0.143,207,10261,207,81823.51,5049.64,0.147,461.24,spring,30,0,1
2026-04,ecommerce,urban,inland,3255.91,0.065,209,7657,168,72451.58,3601.61,0.063,461.24,none,30,41,0
2026-04,ecommerce,urban,metro,3136.9,0.151,356,8775,328,128442.43,2933.94,0.153,461.24,spring,30,28,0
2026-04,ecommerce,mountain,coast,3474.31,0.078,217,7649,163,113879.22,3146.84,0.082,757.75,none,30,54,0
2026-04,ecommerce,mountain,inland,4463.05,0.154,107,8024,107,68593.05,4164.19,0.14,757.75,spring,30,0,1
2026-04,ecommerce,mountain,metro,3159.95,0.119,263,7505,203,135518.28,3433.3,0.105,757.75,spring,30,60,0
2026-04,ecommerce,electric,coast,3797.54,0.109,151,7607,143,207086.9,3955.08,0.117,1625.32,spring,30,8,0
2026-04,ecommerce,electric,inland,4970.37,0.129,80,8247,80,113252.3,5413.4,0.137,1625.32,spring,30,0,1
2026-04,ecommerce,electric,metro,1712.26,0.058,156,5798,105,160760.4,1690.46,0.06,1625.32,none,30,51,0
2026-05,store,urban,coast,1333.06,0.076,176,3235,144,61461.23,1360.56,0.075,461.92,none,31,32,0
2026-05,store,urban,inland,1714.77,0.063,131,3714,101,43714.72,1566.27,0.042,461.92,none,31,30,0
2026-05,store,urban,metro,3927.96,0.073,213,5956,195,83498.97,3705.48,0.066,461.92,none,31,18,0
2026-05,store,mountain,coast,1079.34,0.039,133,3301,131,95536.16,1209.14,0.048,758.88,none,31,2,0
2026-05,store,mountain,inland,4109.17,0.065,111,5490,111,78760.36,3732.35,0.06,758.88,none,31,0,1
2026-05,store,mountain,metro,2553.69,0.058,175,4732,154,110089.2,2646.15,0.064,758.88,none,31,21,0
2026-05,store,electric,coast,2229.37,0.045,123,3888,73,113477.2,2119.6,0.053,1627.73,none,31,50,0
2026-05,store,electric,inland,2657.17,0.065,68,4377,68,103491.07,2956.05,0.068,1627.73,none,31,0,1
2026-05,store,electric,metro,1867.78,0.028,136,3619,109,172454.74,1827.94,0.025,1627.73,none,31,27,0
2026-05,ecommerce,urban,coast,1094.33,0.063,138,6027,138,59729.03,1175.41,0.047,461.92,none,31,0,1
2026-05,ecommerce,urban,inland,3404.99,0.068,196,7296,174,74908.64,3591.62,0.055,461.92,none,31,22,0
2026-05,ecommerce,urban,metro,2406.39,0.042,317,7329,243,107532.2,2229.56,0.037,461.92,none,31,74,0
2026-05,ecommerce,mountain,coast,1668.8,0.041,216,6044,165,120081.38,1717.56,0.05,758.88,none,31,51,0
2026-05,ecommerce,mountain,inland,3670.11,0.078,140,7418,105,73467.17,3880.11,0.071,758.88,none,31,35,0
2026-05,ecommerce,mountain,metro,2426.74,0.078,265,6909,196,137138.72,2309.53,0.066,758.88,none,31,69,0
2026-05,ecommerce,electric,coast,2589.3,0.024,138,6138,118,187462.41,2583.45,0.029,1627.73,none,31,20,0
2026-05,ecommerce,electric,inland,2336.04,0.058,91,5920,71,108865.84,,0.078,1627.73,none,31,20,0
2026-05,ecommerce,electric,metro,2668.97,0.092,158,6678,145,214306.93,2584.9,0.097,1627.73,none,31,13,0
2026-06,store,urban,coast,3902.37,0.053,185,5679,164,71847.03,3748.73,0.052,462.61,none,30,21,0
2026-06,store,urban,inland,1891.09,0.085,159,3673,112,47408.27,2021.8,0.091,462.61,none,30,47,0
2026-06,store,urban,metro,3204.88,0.065,205,5606,202,87373.15,3433.99,0.048,462.61,none,30,3,0
2026-06,store,mountain,coast,3670.83,0.049,200,5311,144,104077.44,3492.72,0.039,760,none,30,56,0
2026-06,store,mountain,inland,2700.15,0.03,116,4011,97,71508.4,2625.64,0.029,760,none,30,19,0
2026-06,store,mountain,metro,3933.29,0.031,130,5901,130,95737.2,3663.87,0.027,760,none,30,0,1
2026-06,store,electric,coast,1765.57,0.03,124,3097,78,123337.15,1690.95,0.038,1630.15,none,30,46,0
2026-06,store,electric,inland,1444.48,0.078,69,3220,58,87173.9,1323.33,0.069,1630.15,none,30,11,0
2026-06,store,electric,metro,1320.31,0.049,145,3060,109,168979.72,1469.97,0.051,1630.15,none,30,36,0
2026-06,ecommerce,urban,coast,2238.05,0.009,312,7123,209,95815.32,2270.81,0.015,462.61,none,30,103,0
2026-06,ecommerce,urban,inland,2348.13,0.061,172,6487,167,72543.26,2513.26,0.061,462.61,none,30,5,0
2026-06,ecommerce,urban,metro,2226.49,0.075,311,6873,218,93285.31,2099.75,0.067,462.61,none,30,93,0
2026-06,ecommerce,mountain,coast,3334.87,0.087,181,7488,149,103388.12,3153.39,0.091,760,none,30,32,0
2026-06,ecommerce,mountain,inland,2077.34,0.042,119,5791,96,69895.68,2076.01,0.054,760,none,30,23,0
2026-06,ecommerce,mountain,metro,3565.79,0.047,198,8053,198,143407.44,3980.64,0.039,760,none,30,0,1
2026-06,ecommerce,electric,coast,2914.87,0.084,141,6611,92,137376,2881.99,0.073,1630.15,none,30,49,0
2026-06,ecommerce,electric,inland,3349.15,0.049,82,6699,53,82164.45,3753.35,0.054,1630.15,none,30,29,0
2026-06,ecommerce,electric,metro,2288.79,0.07,180,6172,114,172828.5,2263.99,0.055,1630.15,none,30,66,0
